TIENDA_ID,VENTA_PRED,FECHA
1,775922.0,2024-08-31 00:00:00
1,845170.0,2024-09-30 00:00:00
1,807808.0,2024-10-31 00:00:00
2,967179.0,2024-08-31 00:00:00
2,992589.0,2024-09-30 00:00:00
2,943680.0,2024-10-31 00:00:00
3,910355.0,2024-08-31 00:00:00
3,899992.0,2024-09-30 00:00:00
3,917088.0,2024-10-31 00:00:00
4,1331061.0,2024-08-31 00:00:00
4,1350623.0,2024-09-30 00:00:00
4,1366373.0,2024-10-31 00:00:00
5,1722776.0,2024-08-31 00:00:00
5,1770729.0,2024-09-30 00:00:00
5,1729232.0,2024-10-31 00:00:00
6,733750.0,2024-08-31 00:00:00
6,709669.0,2024-09-30 00:00:00
6,722188.0,2024-10-31 00:00:00
7,928004.0,2024-08-31 00:00:00
7,964603.0,2024-09-30 00:00:00
7,943193.0,2024-10-31 00:00:00
8,1034182.0,2024-08-31 00:00:00
8,1043220.0,2024-09-30 00:00:00
8,1059383.0,2024-10-31 00:00:00
9,1470204.0,2024-08-31 00:00:00
9,1476021.0,2024-09-30 00:00:00
9,1581702.0,2024-10-31 00:00:00
11,730850.0,2024-08-31 00:00:00
11,675887.0,2024-09-30 00:00:00
11,716633.0,2024-10-31 00:00:00
12,1045033.0,2024-08-31 00:00:00
12,1038148.0,2024-09-30 00:00:00
12,1061861.0,2024-10-31 00:00:00
13,1218055.0,2024-08-31 00:00:00
13,1200784.0,2024-09-30 00:00:00
13,1188209.0,2024-10-31 00:00:00
14,1182070.0,2024-08-31 00:00:00
14,1122114.0,2024-09-30 00:00:00
14,1138392.0,2024-10-31 00:00:00
15,637706.0,2024-08-31 00:00:00
15,640094.0,2024-09-30 00:00:00
15,635515.0,2024-10-31 00:00:00
16,1076730.0,2024-08-31 00:00:00
16,1215670.0,2024-09-30 00:00:00
16,1157361.0,2024-10-31 00:00:00
17,786614.0,2024-08-31 00:00:00
17,786198.0,2024-09-30 00:00:00
17,800425.0,2024-10-31 00:00:00
18,1380454.0,2024-08-31 00:00:00
18,1339594.0,2024-09-30 00:00:00
18,1385244.0,2024-10-31 00:00:00
19,526644.0,2024-08-31 00:00:00
19,499572.0,2024-09-30 00:00:00
19,515746.0,2024-10-31 00:00:00
21,1301124.0,2024-08-31 00:00:00
21,1332069.0,2024-09-30 00:00:00
21,1282802.0,2024-10-31 00:00:00
22,985360.0,2024-08-31 00:00:00
22,1004309.0,2024-09-30 00:00:00
22,1019457.0,2024-10-31 00:00:00
23,940869.0,2024-08-31 00:00:00
23,960650.0,2024-09-30 00:00:00
23,926143.0,2024-10-31 00:00:00
24,734858.0,2024-08-31 00:00:00
24,700077.0,2024-09-30 00:00:00
24,690873.0,2024-10-31 00:00:00
25,1144157.0,2024-08-31 00:00:00
25,1408363.0,2024-09-30 00:00:00
25,1399608.0,2024-10-31 00:00:00
26,898953.0,2024-08-31 00:00:00
26,893398.0,2024-09-30 00:00:00
26,873630.0,2024-10-31 00:00:00
27,874138.0,2024-08-31 00:00:00
27,814285.0,2024-09-30 00:00:00
27,831322.0,2024-10-31 00:00:00
28,989024.0,2024-08-31 00:00:00
28,991609.0,2024-09-30 00:00:00
28,984007.0,2024-10-31 00:00:00
29,713266.0,2024-08-31 00:00:00
29,692495.0,2024-09-30 00:00:00
29,694729.0,2024-10-31 00:00:00
31,1754364.0,2024-08-31 00:00:00
31,1618670.0,2024-09-30 00:00:00
31,1364504.0,2024-10-31 00:00:00
32,696264.0,2024-08-31 00:00:00
32,724449.0,2024-09-30 00:00:00
32,714420.0,2024-10-31 00:00:00
33,1587286.0,2024-08-31 00:00:00
33,1546709.0,2024-09-30 00:00:00
33,1482428.0,2024-10-31 00:00:00
34,1135024.0,2024-08-31 00:00:00
34,1118737.0,2024-09-30 00:00:00
34,1123789.0,2024-10-31 00:00:00
35,906867.0,2024-08-31 00:00:00
35,771645.0,2024-09-30 00:00:00
35,814386.0,2024-10-31 00:00:00
36,1291498.0,2024-08-31 00:00:00
36,1326544.0,2024-09-30 00:00:00
36,1363075.0,2024-10-31 00:00:00
37,707467.0,2024-08-31 00:00:00
37,723486.0,2024-09-30 00:00:00
37,734712.0,2024-10-31 00:00:00
38,943457.0,2024-08-31 00:00:00
38,960277.0,2024-09-30 00:00:00
38,1006224.0,2024-10-31 00:00:00
39,866722.0,2024-08-31 00:00:00
39,788673.0,2024-09-30 00:00:00
39,865015.0,2024-10-31 00:00:00
41,1134606.0,2024-08-31 00:00:00
41,1023324.0,2024-09-30 00:00:00
41,1115740.0,2024-10-31 00:00:00
42,954440.0,2024-08-31 00:00:00
42,864102.0,2024-09-30 00:00:00
42,838678.0,2024-10-31 00:00:00
43,788384.0,2024-08-31 00:00:00
43,783847.0,2024-09-30 00:00:00
43,784190.0,2024-10-31 00:00:00
44,849553.0,2024-08-31 00:00:00
44,896425.0,2024-09-30 00:00:00
44,895357.0,2024-10-31 00:00:00
45,851633.0,2024-08-31 00:00:00
45,826443.0,2024-09-30 00:00:00
45,864455.0,2024-10-31 00:00:00
46,945367.0,2024-08-31 00:00:00
46,928869.0,2024-09-30 00:00:00
46,927718.0,2024-10-31 00:00:00
47,949960.0,2024-08-31 00:00:00
47,948277.0,2024-09-30 00:00:00
47,933920.0,2024-10-31 00:00:00
48,1224462.0,2024-08-31 00:00:00
48,1156134.0,2024-09-30 00:00:00
48,1179894.0,2024-10-31 00:00:00
49,1873295.0,2024-08-31 00:00:00
49,1888333.0,2024-09-30 00:00:00
49,1838117.0,2024-10-31 00:00:00
51,1599545.0,2024-08-31 00:00:00
51,1327487.0,2024-09-30 00:00:00
51,1383256.0,2024-10-31 00:00:00
52,831697.0,2024-08-31 00:00:00
52,823105.0,2024-09-30 00:00:00
52,837723.0,2024-10-31 00:00:00
53,1167659.0,2024-08-31 00:00:00
53,1103260.0,2024-09-30 00:00:00
53,1146126.0,2024-10-31 00:00:00
54,1062264.0,2024-08-31 00:00:00
54,1085809.0,2024-09-30 00:00:00
54,1150120.0,2024-10-31 00:00:00
55,1639350.0,2024-08-31 00:00:00
55,1581744.0,2024-09-30 00:00:00
55,1499213.0,2024-10-31 00:00:00
56,577159.0,2024-08-31 00:00:00
56,605909.0,2024-09-30 00:00:00
56,587526.0,2024-10-31 00:00:00
57,1168938.0,2024-08-31 00:00:00
57,1160270.0,2024-09-30 00:00:00
57,1188886.0,2024-10-31 00:00:00
58,681122.0,2024-08-31 00:00:00
58,670660.0,2024-09-30 00:00:00
58,674859.0,2024-10-31 00:00:00
59,1126036.0,2024-08-31 00:00:00
59,1090132.0,2024-09-30 00:00:00
59,1098125.0,2024-10-31 00:00:00
61,1906404.0,2024-08-31 00:00:00
61,1849744.0,2024-09-30 00:00:00
61,1957612.0,2024-10-31 00:00:00
62,844712.0,2024-08-31 00:00:00
62,883298.0,2024-09-30 00:00:00
62,833841.0,2024-10-31 00:00:00
63,1568296.0,2024-08-31 00:00:00
63,1521350.0,2024-09-30 00:00:00
63,1463108.0,2024-10-31 00:00:00
64,634919.0,2024-08-31 00:00:00
64,620120.0,2024-09-30 00:00:00
64,646368.0,2024-10-31 00:00:00
65,1944271.0,2024-08-31 00:00:00
65,1849210.0,2024-09-30 00:00:00
65,1839100.0,2024-10-31 00:00:00
66,1212380.0,2024-08-31 00:00:00
66,1205751.0,2024-09-30 00:00:00
66,1221027.0,2024-10-31 00:00:00
67,781306.0,2024-08-31 00:00:00
67,760285.0,2024-09-30 00:00:00
67,772859.0,2024-10-31 00:00:00
68,1217479.0,2024-08-31 00:00:00
68,1204194.0,2024-09-30 00:00:00
68,1172739.0,2024-10-31 00:00:00
69,1058860.0,2024-08-31 00:00:00
69,1028909.0,2024-09-30 00:00:00
69,1106510.0,2024-10-31 00:00:00
71,739843.0,2024-08-31 00:00:00
71,704259.0,2024-09-30 00:00:00
71,714995.0,2024-10-31 00:00:00
72,1679661.0,2024-08-31 00:00:00
72,1563415.0,2024-09-30 00:00:00
72,1526814.0,2024-10-31 00:00:00
73,837337.0,2024-08-31 00:00:00
73,857789.0,2024-09-30 00:00:00
73,830223.0,2024-10-31 00:00:00
74,847418.0,2024-08-31 00:00:00
74,746620.0,2024-09-30 00:00:00
74,761502.0,2024-10-31 00:00:00
75,1577047.0,2024-08-31 00:00:00
75,1569669.0,2024-09-30 00:00:00
75,1546805.0,2024-10-31 00:00:00
76,866090.0,2024-08-31 00:00:00
76,899618.0,2024-09-30 00:00:00
76,841518.0,2024-10-31 00:00:00
77,1460447.0,2024-08-31 00:00:00
77,1488610.0,2024-09-30 00:00:00
77,1422280.0,2024-10-31 00:00:00
78,911703.0,2024-08-31 00:00:00
78,915683.0,2024-09-30 00:00:00
78,897084.0,2024-10-31 00:00:00
79,1488890.0,2024-08-31 00:00:00
79,1379051.0,2024-09-30 00:00:00
79,1496144.0,2024-10-31 00:00:00
81,1210982.0,2024-08-31 00:00:00
81,1209664.0,2024-09-30 00:00:00
81,1259331.0,2024-10-31 00:00:00
82,1511520.0,2024-08-31 00:00:00
82,1465010.0,2024-09-30 00:00:00
82,1469552.0,2024-10-31 00:00:00
83,1165442.0,2024-08-31 00:00:00
83,1162159.0,2024-09-30 00:00:00
83,1125950.0,2024-10-31 00:00:00
84,1626577.0,2024-08-31 00:00:00
84,1552831.0,2024-09-30 00:00:00
84,1550949.0,2024-10-31 00:00:00
85,706168.0,2024-08-31 00:00:00
85,698113.0,2024-09-30 00:00:00
85,719132.0,2024-10-31 00:00:00
86,1650931.0,2024-08-31 00:00:00
86,1734403.0,2024-09-30 00:00:00
86,1650836.0,2024-10-31 00:00:00
87,2412320.0,2024-08-31 00:00:00
87,2232648.0,2024-09-30 00:00:00
87,2227279.0,2024-10-31 00:00:00
88,1579574.0,2024-08-31 00:00:00
88,1455678.0,2024-09-30 00:00:00
88,1474902.0,2024-10-31 00:00:00
89,838086.0,2024-08-31 00:00:00
89,872600.0,2024-09-30 00:00:00
89,894659.0,2024-10-31 00:00:00
91,1229434.0,2024-08-31 00:00:00
91,1226185.0,2024-09-30 00:00:00
91,1267548.0,2024-10-31 00:00:00
92,1710268.0,2024-08-31 00:00:00
92,1786013.0,2024-09-30 00:00:00
92,1814956.0,2024-10-31 00:00:00
93,813883.0,2024-08-31 00:00:00
93,848408.0,2024-09-30 00:00:00
93,778261.0,2024-10-31 00:00:00
94,1342293.0,2024-08-31 00:00:00
94,1444495.0,2024-09-30 00:00:00
94,1414756.0,2024-10-31 00:00:00
95,1227929.0,2024-08-31 00:00:00
95,1244124.0,2024-09-30 00:00:00
95,1247047.0,2024-10-31 00:00:00
96,1527788.0,2024-08-31 00:00:00
96,1527406.0,2024-09-30 00:00:00
96,1573545.0,2024-10-31 00:00:00
97,971825.0,2024-08-31 00:00:00
97,945382.0,2024-09-30 00:00:00
97,959982.0,2024-10-31 00:00:00
98,1657922.0,2024-08-31 00:00:00
98,1738686.0,2024-09-30 00:00:00
98,1590082.0,2024-10-31 00:00:00
99,1251361.0,2024-08-31 00:00:00
99,1257455.0,2024-09-30 00:00:00
99,1227065.0,2024-10-31 00:00:00
101,1346506.0,2024-08-31 00:00:00
101,1299195.0,2024-09-30 00:00:00
101,1351380.0,2024-10-31 00:00:00
102,1304018.0,2024-08-31 00:00:00
102,1296256.0,2024-09-30 00:00:00
102,1310392.0,2024-10-31 00:00:00
103,1106713.0,2024-08-31 00:00:00
103,1074022.0,2024-09-30 00:00:00
103,1072625.0,2024-10-31 00:00:00
104,532614.0,2024-08-31 00:00:00
104,527656.0,2024-09-30 00:00:00
104,528807.0,2024-10-31 00:00:00
105,1376282.0,2024-08-31 00:00:00
105,1400356.0,2024-09-30 00:00:00
105,1446748.0,2024-10-31 00:00:00
106,2086723.0,2024-08-31 00:00:00
106,2102374.0,2024-09-30 00:00:00
106,2042343.0,2024-10-31 00:00:00
107,1604728.0,2024-08-31 00:00:00
107,1606248.0,2024-09-30 00:00:00
107,1596057.0,2024-10-31 00:00:00
108,949838.0,2024-08-31 00:00:00
108,986546.0,2024-09-30 00:00:00
108,933950.0,2024-10-31 00:00:00
109,708005.0,2024-08-31 00:00:00
109,704086.0,2024-09-30 00:00:00
109,681306.0,2024-10-31 00:00:00
111,713993.0,2024-08-31 00:00:00
111,724362.0,2024-09-30 00:00:00
111,723841.0,2024-10-31 00:00:00
112,1199778.0,2024-08-31 00:00:00
112,1203524.0,2024-09-30 00:00:00
112,1178500.0,2024-10-31 00:00:00
113,1555090.0,2024-08-31 00:00:00
113,1634868.0,2024-09-30 00:00:00
113,1553224.0,2024-10-31 00:00:00
114,1235120.0,2024-08-31 00:00:00
114,1278421.0,2024-09-30 00:00:00
114,1230430.0,2024-10-31 00:00:00
115,1238520.0,2024-08-31 00:00:00
115,1279551.0,2024-09-30 00:00:00
115,1222162.0,2024-10-31 00:00:00
116,1345066.0,2024-08-31 00:00:00
116,1329440.0,2024-09-30 00:00:00
116,1363880.0,2024-10-31 00:00:00
117,560320.0,2024-08-31 00:00:00
117,559085.0,2024-09-30 00:00:00
117,516312.0,2024-10-31 00:00:00
118,1020455.0,2024-08-31 00:00:00
118,1016312.0,2024-09-30 00:00:00
118,963966.0,2024-10-31 00:00:00
119,1588387.0,2024-08-31 00:00:00
119,1639860.0,2024-09-30 00:00:00
119,1662374.0,2024-10-31 00:00:00
121,854098.0,2024-08-31 00:00:00
121,888440.0,2024-09-30 00:00:00
121,879599.0,2024-10-31 00:00:00
122,1227171.0,2024-08-31 00:00:00
122,1239254.0,2024-09-30 00:00:00
122,1217632.0,2024-10-31 00:00:00
123,1960304.0,2024-08-31 00:00:00
123,1955390.0,2024-09-30 00:00:00
123,2022319.0,2024-10-31 00:00:00
124,1251801.0,2024-08-31 00:00:00
124,1297975.0,2024-09-30 00:00:00
124,1269334.0,2024-10-31 00:00:00
125,1640323.0,2024-08-31 00:00:00
125,1715610.0,2024-09-30 00:00:00
125,1662261.0,2024-10-31 00:00:00
126,1089955.0,2024-08-31 00:00:00
126,964681.0,2024-09-30 00:00:00
126,1019129.0,2024-10-31 00:00:00
127,971718.0,2024-08-31 00:00:00
127,974856.0,2024-09-30 00:00:00
127,997083.0,2024-10-31 00:00:00
128,876797.0,2024-08-31 00:00:00
128,876137.0,2024-09-30 00:00:00
128,922462.0,2024-10-31 00:00:00
129,937683.0,2024-08-31 00:00:00
129,932634.0,2024-09-30 00:00:00
129,937682.0,2024-10-31 00:00:00
131,955028.0,2024-08-31 00:00:00
131,938226.0,2024-09-30 00:00:00
131,955917.0,2024-10-31 00:00:00
132,2057912.0,2024-08-31 00:00:00
132,2212366.0,2024-09-30 00:00:00
132,2213286.0,2024-10-31 00:00:00
133,1154600.0,2024-08-31 00:00:00
133,1170942.0,2024-09-30 00:00:00
133,1135266.0,2024-10-31 00:00:00
134,1610128.0,2024-08-31 00:00:00
134,1648580.0,2024-09-30 00:00:00
134,1687289.0,2024-10-31 00:00:00
135,1877910.0,2024-08-31 00:00:00
135,1959225.0,2024-09-30 00:00:00
135,1864548.0,2024-10-31 00:00:00
136,2091356.0,2024-08-31 00:00:00
136,1976572.0,2024-09-30 00:00:00
136,1900563.0,2024-10-31 00:00:00
137,1046204.0,2024-08-31 00:00:00
137,1094245.0,2024-09-30 00:00:00
137,1073899.0,2024-10-31 00:00:00
138,905925.0,2024-08-31 00:00:00
138,918639.0,2024-09-30 00:00:00
138,912046.0,2024-10-31 00:00:00
139,1242055.0,2024-08-31 00:00:00
139,1210792.0,2024-09-30 00:00:00
139,1204375.0,2024-10-31 00:00:00
141,1454678.0,2024-08-31 00:00:00
141,1446518.0,2024-09-30 00:00:00
141,1431519.0,2024-10-31 00:00:00
142,1777808.0,2024-08-31 00:00:00
142,1771338.0,2024-09-30 00:00:00
142,1814355.0,2024-10-31 00:00:00
143,993611.0,2024-08-31 00:00:00
143,1021137.0,2024-09-30 00:00:00
143,976272.0,2024-10-31 00:00:00
144,1729846.0,2024-08-31 00:00:00
144,1873757.0,2024-09-30 00:00:00
144,1845100.0,2024-10-31 00:00:00
145,1101256.0,2024-08-31 00:00:00
145,1090488.0,2024-09-30 00:00:00
145,1093634.0,2024-10-31 00:00:00
146,1342607.0,2024-08-31 00:00:00
146,1372417.0,2024-09-30 00:00:00
146,1457610.0,2024-10-31 00:00:00
147,1767937.0,2024-08-31 00:00:00
147,1589445.0,2024-09-30 00:00:00
147,1774729.0,2024-10-31 00:00:00
148,1346496.0,2024-08-31 00:00:00
148,1332890.0,2024-09-30 00:00:00
148,1397091.0,2024-10-31 00:00:00
149,1281096.0,2024-08-31 00:00:00
149,1304779.0,2024-09-30 00:00:00
149,1293096.0,2024-10-31 00:00:00
151,915991.0,2024-08-31 00:00:00
151,928256.0,2024-09-30 00:00:00
151,898500.0,2024-10-31 00:00:00
152,1159816.0,2024-08-31 00:00:00
152,1144004.0,2024-09-30 00:00:00
152,1131066.0,2024-10-31 00:00:00
153,1020185.0,2024-08-31 00:00:00
153,1041972.0,2024-09-30 00:00:00
153,1044329.0,2024-10-31 00:00:00
154,894789.0,2024-08-31 00:00:00
154,863307.0,2024-09-30 00:00:00
154,891074.0,2024-10-31 00:00:00
155,1501641.0,2024-08-31 00:00:00
155,1519240.0,2024-09-30 00:00:00
155,1530046.0,2024-10-31 00:00:00
156,1321940.0,2024-08-31 00:00:00
156,1232961.0,2024-09-30 00:00:00
156,1230474.0,2024-10-31 00:00:00
157,2871944.0,2024-08-31 00:00:00
157,2971055.0,2024-09-30 00:00:00
157,2933819.0,2024-10-31 00:00:00
158,1139888.0,2024-08-31 00:00:00
158,1102764.0,2024-09-30 00:00:00
158,1122656.0,2024-10-31 00:00:00
159,1795880.0,2024-08-31 00:00:00
159,1738213.0,2024-09-30 00:00:00
159,1814016.0,2024-10-31 00:00:00
161,1243891.0,2024-08-31 00:00:00
161,1291522.0,2024-09-30 00:00:00
161,1264734.0,2024-10-31 00:00:00
162,1829253.0,2024-08-31 00:00:00
162,1777921.0,2024-09-30 00:00:00
162,1827208.0,2024-10-31 00:00:00
163,856603.0,2024-08-31 00:00:00
163,843284.0,2024-09-30 00:00:00
163,831892.0,2024-10-31 00:00:00
164,1146787.0,2024-08-31 00:00:00
164,1164268.0,2024-09-30 00:00:00
164,1178866.0,2024-10-31 00:00:00
165,1378512.0,2024-08-31 00:00:00
165,1440094.0,2024-09-30 00:00:00
165,1430044.0,2024-10-31 00:00:00
166,1195507.0,2024-08-31 00:00:00
166,1226100.0,2024-09-30 00:00:00
166,1226848.0,2024-10-31 00:00:00
167,1615177.0,2024-08-31 00:00:00
167,1604546.0,2024-09-30 00:00:00
167,1657760.0,2024-10-31 00:00:00
168,1300258.0,2024-08-31 00:00:00
168,1348034.0,2024-09-30 00:00:00
168,1284588.0,2024-10-31 00:00:00
169,1258505.0,2024-08-31 00:00:00
169,1277135.0,2024-09-30 00:00:00
169,1252523.0,2024-10-31 00:00:00
171,1120621.0,2024-08-31 00:00:00
171,1091973.0,2024-09-30 00:00:00
171,1097335.0,2024-10-31 00:00:00
172,1531690.0,2024-08-31 00:00:00
172,1297564.0,2024-09-30 00:00:00
172,1301550.0,2024-10-31 00:00:00
173,1225844.0,2024-08-31 00:00:00
173,1208967.0,2024-09-30 00:00:00
173,1209456.0,2024-10-31 00:00:00
174,2052227.0,2024-08-31 00:00:00
174,1983748.0,2024-09-30 00:00:00
174,2042980.0,2024-10-31 00:00:00
175,3019159.0,2024-08-31 00:00:00
175,3041361.0,2024-09-30 00:00:00
175,2863702.0,2024-10-31 00:00:00
176,1397692.0,2024-08-31 00:00:00
176,1441436.0,2024-09-30 00:00:00
176,1423706.0,2024-10-31 00:00:00
177,766795.0,2024-08-31 00:00:00
177,799840.0,2024-09-30 00:00:00
177,786639.0,2024-10-31 00:00:00
178,1150149.0,2024-08-31 00:00:00
178,1071998.0,2024-09-30 00:00:00
178,1113792.0,2024-10-31 00:00:00
179,1632038.0,2024-08-31 00:00:00
179,1746859.0,2024-09-30 00:00:00
179,1690156.0,2024-10-31 00:00:00
181,1939018.0,2024-08-31 00:00:00
181,2102138.0,2024-09-30 00:00:00
181,2116598.0,2024-10-31 00:00:00
182,1659456.0,2024-08-31 00:00:00
182,1653010.0,2024-09-30 00:00:00
182,1609220.0,2024-10-31 00:00:00
183,1336155.0,2024-08-31 00:00:00
183,1357586.0,2024-09-30 00:00:00
183,1276184.0,2024-10-31 00:00:00
184,1553159.0,2024-08-31 00:00:00
184,1595983.0,2024-09-30 00:00:00
184,1548115.0,2024-10-31 00:00:00
185,1267544.0,2024-08-31 00:00:00
185,1200230.0,2024-09-30 00:00:00
185,1215523.0,2024-10-31 00:00:00
186,2068261.0,2024-08-31 00:00:00
186,1931772.0,2024-09-30 00:00:00
186,2002849.0,2024-10-31 00:00:00
187,1351514.0,2024-08-31 00:00:00
187,1340343.0,2024-09-30 00:00:00
187,1345967.0,2024-10-31 00:00:00
188,827446.0,2024-08-31 00:00:00
188,819940.0,2024-09-30 00:00:00
188,821503.0,2024-10-31 00:00:00
189,950190.0,2024-08-31 00:00:00
189,956378.0,2024-09-30 00:00:00
189,890788.0,2024-10-31 00:00:00
191,527624.0,2024-08-31 00:00:00
191,524676.0,2024-09-30 00:00:00
191,482682.0,2024-10-31 00:00:00
192,1194562.0,2024-08-31 00:00:00
192,1194399.0,2024-09-30 00:00:00
192,1189788.0,2024-10-31 00:00:00
193,1091978.0,2024-08-31 00:00:00
193,1188525.0,2024-09-30 00:00:00
193,1046710.0,2024-10-31 00:00:00
194,1351959.0,2024-08-31 00:00:00
194,1436217.0,2024-09-30 00:00:00
194,1490939.0,2024-10-31 00:00:00
195,745265.0,2024-08-31 00:00:00
195,733804.0,2024-09-30 00:00:00
195,738097.0,2024-10-31 00:00:00
196,2742654.0,2024-08-31 00:00:00
196,2417663.0,2024-09-30 00:00:00
196,2393877.0,2024-10-31 00:00:00
197,1083335.0,2024-08-31 00:00:00
197,1092350.0,2024-09-30 00:00:00
197,1058960.0,2024-10-31 00:00:00
198,856317.0,2024-08-31 00:00:00
198,848423.0,2024-09-30 00:00:00
198,810802.0,2024-10-31 00:00:00
199,788654.0,2024-08-31 00:00:00
199,771456.0,2024-09-30 00:00:00
199,721096.0,2024-10-31 00:00:00
201,980678.0,2024-08-31 00:00:00
201,985414.0,2024-09-30 00:00:00
201,1029820.0,2024-10-31 00:00:00
202,1054485.0,2024-08-31 00:00:00
202,1103543.0,2024-09-30 00:00:00
202,1093112.0,2024-10-31 00:00:00
203,897362.0,2024-08-31 00:00:00
203,922639.0,2024-09-30 00:00:00
203,892651.0,2024-10-31 00:00:00
204,2415347.0,2024-08-31 00:00:00
204,2685950.0,2024-09-30 00:00:00
204,2667356.0,2024-10-31 00:00:00
205,1154466.0,2024-08-31 00:00:00
205,1122717.0,2024-09-30 00:00:00
205,1092938.0,2024-10-31 00:00:00
206,1436912.0,2024-08-31 00:00:00
206,1337236.0,2024-09-30 00:00:00
206,1375182.0,2024-10-31 00:00:00
207,1966496.0,2024-08-31 00:00:00
207,2032202.0,2024-09-30 00:00:00
207,1915976.0,2024-10-31 00:00:00
208,1276849.0,2024-08-31 00:00:00
208,1250956.0,2024-09-30 00:00:00
208,1404024.0,2024-10-31 00:00:00
209,2584716.0,2024-08-31 00:00:00
209,2597120.0,2024-09-30 00:00:00
209,2482440.0,2024-10-31 00:00:00
211,1358394.0,2024-08-31 00:00:00
211,1377897.0,2024-09-30 00:00:00
211,1382892.0,2024-10-31 00:00:00
212,1825514.0,2024-08-31 00:00:00
212,1903818.0,2024-09-30 00:00:00
212,1935384.0,2024-10-31 00:00:00
213,1126478.0,2024-08-31 00:00:00
213,1149305.0,2024-09-30 00:00:00
213,1174305.0,2024-10-31 00:00:00
214,1321674.0,2024-08-31 00:00:00
214,1348580.0,2024-09-30 00:00:00
214,1364587.0,2024-10-31 00:00:00
215,1348086.0,2024-08-31 00:00:00
215,1402457.0,2024-09-30 00:00:00
215,1416833.0,2024-10-31 00:00:00
216,1212161.0,2024-08-31 00:00:00
216,1260146.0,2024-09-30 00:00:00
216,1283854.0,2024-10-31 00:00:00
217,1310141.0,2024-08-31 00:00:00
217,1276130.0,2024-09-30 00:00:00
217,1297210.0,2024-10-31 00:00:00
218,2391285.0,2024-08-31 00:00:00
218,2591414.0,2024-09-30 00:00:00
218,2639717.0,2024-10-31 00:00:00
219,2855192.0,2024-08-31 00:00:00
219,2214897.0,2024-09-30 00:00:00
219,2246249.0,2024-10-31 00:00:00
221,2162117.0,2024-08-31 00:00:00
221,2116581.0,2024-09-30 00:00:00
221,2109453.0,2024-10-31 00:00:00
222,809154.0,2024-08-31 00:00:00
222,835891.0,2024-09-30 00:00:00
222,786119.0,2024-10-31 00:00:00
223,1404276.0,2024-08-31 00:00:00
223,1485647.0,2024-09-30 00:00:00
223,1505383.0,2024-10-31 00:00:00
224,1617333.0,2024-08-31 00:00:00
224,1702493.0,2024-09-30 00:00:00
224,1543040.0,2024-10-31 00:00:00
225,751975.0,2024-08-31 00:00:00
225,785768.0,2024-09-30 00:00:00
225,770838.0,2024-10-31 00:00:00
226,1410916.0,2024-08-31 00:00:00
226,1454493.0,2024-09-30 00:00:00
226,1482932.0,2024-10-31 00:00:00
227,1234933.0,2024-08-31 00:00:00
227,1220026.0,2024-09-30 00:00:00
227,1289315.0,2024-10-31 00:00:00
228,1595624.0,2024-08-31 00:00:00
228,1500036.0,2024-09-30 00:00:00
228,1524284.0,2024-10-31 00:00:00
229,1044189.0,2024-08-31 00:00:00
229,1035258.0,2024-09-30 00:00:00
229,1012008.0,2024-10-31 00:00:00
231,1206118.0,2024-08-31 00:00:00
231,1235599.0,2024-09-30 00:00:00
231,1213347.0,2024-10-31 00:00:00
232,1851882.0,2024-08-31 00:00:00
232,1998236.0,2024-09-30 00:00:00
232,1844402.0,2024-10-31 00:00:00
233,533750.0,2024-08-31 00:00:00
233,535582.0,2024-09-30 00:00:00
233,519193.0,2024-10-31 00:00:00
234,1770592.0,2024-08-31 00:00:00
234,1722936.0,2024-09-30 00:00:00
234,1811061.0,2024-10-31 00:00:00
235,960512.0,2024-08-31 00:00:00
235,960961.0,2024-09-30 00:00:00
235,935852.0,2024-10-31 00:00:00
236,1454146.0,2024-08-31 00:00:00
236,1439213.0,2024-09-30 00:00:00
236,1484336.0,2024-10-31 00:00:00
237,1466080.0,2024-08-31 00:00:00
237,1411879.0,2024-09-30 00:00:00
237,1464065.0,2024-10-31 00:00:00
238,1037631.0,2024-08-31 00:00:00
238,1036232.0,2024-09-30 00:00:00
238,1057897.0,2024-10-31 00:00:00
239,1336671.0,2024-08-31 00:00:00
239,1350338.0,2024-09-30 00:00:00
239,1385660.0,2024-10-31 00:00:00
241,1107497.0,2024-08-31 00:00:00
241,1113824.0,2024-09-30 00:00:00
241,1084596.0,2024-10-31 00:00:00
242,927914.0,2024-08-31 00:00:00
242,927501.0,2024-09-30 00:00:00
242,924694.0,2024-10-31 00:00:00
243,1771748.0,2024-08-31 00:00:00
243,1753759.0,2024-09-30 00:00:00
243,1818494.0,2024-10-31 00:00:00
244,1042879.0,2024-08-31 00:00:00
244,1018715.0,2024-09-30 00:00:00
244,968478.0,2024-10-31 00:00:00
245,960931.0,2024-08-31 00:00:00
245,1003459.0,2024-09-30 00:00:00
245,930570.0,2024-10-31 00:00:00
246,833643.0,2024-08-31 00:00:00
246,955639.0,2024-09-30 00:00:00
246,903995.0,2024-10-31 00:00:00
247,1010336.0,2024-08-31 00:00:00
247,1095143.0,2024-09-30 00:00:00
247,982228.0,2024-10-31 00:00:00
248,907351.0,2024-08-31 00:00:00
248,941966.0,2024-09-30 00:00:00
248,921995.0,2024-10-31 00:00:00
249,1368254.0,2024-08-31 00:00:00
249,1365271.0,2024-09-30 00:00:00
249,1418182.0,2024-10-31 00:00:00
251,1539638.0,2024-08-31 00:00:00
251,1542141.0,2024-09-30 00:00:00
251,1507604.0,2024-10-31 00:00:00
252,1091969.0,2024-08-31 00:00:00
252,1096856.0,2024-09-30 00:00:00
252,1144368.0,2024-10-31 00:00:00
253,926938.0,2024-08-31 00:00:00
253,934478.0,2024-09-30 00:00:00
253,921501.0,2024-10-31 00:00:00
254,997827.0,2024-08-31 00:00:00
254,1034338.0,2024-09-30 00:00:00
254,1019747.0,2024-10-31 00:00:00
255,1979482.0,2024-08-31 00:00:00
255,1966409.0,2024-09-30 00:00:00
255,1894234.0,2024-10-31 00:00:00
256,829943.0,2024-08-31 00:00:00
256,836847.0,2024-09-30 00:00:00
256,781430.0,2024-10-31 00:00:00
257,1268767.0,2024-08-31 00:00:00
257,1295242.0,2024-09-30 00:00:00
257,1272745.0,2024-10-31 00:00:00
258,1986064.0,2024-08-31 00:00:00
258,1938096.0,2024-09-30 00:00:00
258,1928358.0,2024-10-31 00:00:00
259,677117.0,2024-08-31 00:00:00
259,663621.0,2024-09-30 00:00:00
259,661996.0,2024-10-31 00:00:00
261,1947870.0,2024-08-31 00:00:00
261,1885104.0,2024-09-30 00:00:00
261,1891580.0,2024-10-31 00:00:00
262,1268353.0,2024-08-31 00:00:00
262,1251953.0,2024-09-30 00:00:00
262,1298161.0,2024-10-31 00:00:00
263,987552.0,2024-08-31 00:00:00
263,998198.0,2024-09-30 00:00:00
263,1026487.0,2024-10-31 00:00:00
264,878781.0,2024-08-31 00:00:00
264,884077.0,2024-09-30 00:00:00
264,874677.0,2024-10-31 00:00:00
265,671867.0,2024-08-31 00:00:00
265,676414.0,2024-09-30 00:00:00
265,684610.0,2024-10-31 00:00:00
266,573057.0,2024-08-31 00:00:00
266,578614.0,2024-09-30 00:00:00
266,549862.0,2024-10-31 00:00:00
267,981478.0,2024-08-31 00:00:00
267,976770.0,2024-09-30 00:00:00
267,963159.0,2024-10-31 00:00:00
268,1474342.0,2024-08-31 00:00:00
268,1408185.0,2024-09-30 00:00:00
268,1494097.0,2024-10-31 00:00:00
269,616986.0,2024-08-31 00:00:00
269,582691.0,2024-09-30 00:00:00
269,548214.0,2024-10-31 00:00:00
271,1618419.0,2024-08-31 00:00:00
271,1635398.0,2024-09-30 00:00:00
271,1606482.0,2024-10-31 00:00:00
272,1666831.0,2024-08-31 00:00:00
272,1734159.0,2024-09-30 00:00:00
272,1694362.0,2024-10-31 00:00:00
273,1361420.0,2024-08-31 00:00:00
273,1341518.0,2024-09-30 00:00:00
273,1323902.0,2024-10-31 00:00:00
274,1041057.0,2024-08-31 00:00:00
274,1001293.0,2024-09-30 00:00:00
274,1052892.0,2024-10-31 00:00:00
275,1102726.0,2024-08-31 00:00:00
275,874014.0,2024-09-30 00:00:00
275,1091191.0,2024-10-31 00:00:00
276,1608676.0,2024-08-31 00:00:00
276,1598822.0,2024-09-30 00:00:00
276,1557574.0,2024-10-31 00:00:00
277,944834.0,2024-08-31 00:00:00
277,945225.0,2024-09-30 00:00:00
277,946172.0,2024-10-31 00:00:00
278,1265220.0,2024-08-31 00:00:00
278,1321547.0,2024-09-30 00:00:00
278,1242479.0,2024-10-31 00:00:00
279,1288999.0,2024-08-31 00:00:00
279,1249516.0,2024-09-30 00:00:00
279,1267334.0,2024-10-31 00:00:00
281,1856161.0,2024-08-31 00:00:00
281,1896331.0,2024-09-30 00:00:00
281,1884094.0,2024-10-31 00:00:00
282,1311962.0,2024-08-31 00:00:00
282,1302991.0,2024-09-30 00:00:00
282,1251178.0,2024-10-31 00:00:00
283,969276.0,2024-08-31 00:00:00
283,986149.0,2024-09-30 00:00:00
283,974051.0,2024-10-31 00:00:00
284,2890809.0,2024-08-31 00:00:00
284,2770592.0,2024-09-30 00:00:00
284,3080354.0,2024-10-31 00:00:00
285,2296846.0,2024-08-31 00:00:00
285,2121040.0,2024-09-30 00:00:00
285,2182414.0,2024-10-31 00:00:00
286,1032157.0,2024-08-31 00:00:00
286,1030483.0,2024-09-30 00:00:00
286,956715.0,2024-10-31 00:00:00
287,2420573.0,2024-08-31 00:00:00
287,2528796.0,2024-09-30 00:00:00
287,2503420.0,2024-10-31 00:00:00
288,905689.0,2024-08-31 00:00:00
288,903600.0,2024-09-30 00:00:00
288,877384.0,2024-10-31 00:00:00
289,794135.0,2024-08-31 00:00:00
289,769944.0,2024-09-30 00:00:00
289,721226.0,2024-10-31 00:00:00
291,1362402.0,2024-08-31 00:00:00
291,1401758.0,2024-09-30 00:00:00
291,1451054.0,2024-10-31 00:00:00
292,1429113.0,2024-08-31 00:00:00
292,1512631.0,2024-09-30 00:00:00
292,1542920.0,2024-10-31 00:00:00
293,1270457.0,2024-08-31 00:00:00
293,1282663.0,2024-09-30 00:00:00
293,1245088.0,2024-10-31 00:00:00
294,1060200.0,2024-08-31 00:00:00
294,1058209.0,2024-09-30 00:00:00
294,1073692.0,2024-10-31 00:00:00
295,1822578.0,2024-08-31 00:00:00
295,1759021.0,2024-09-30 00:00:00
295,1849993.0,2024-10-31 00:00:00
296,1371876.0,2024-08-31 00:00:00
296,1354982.0,2024-09-30 00:00:00
296,1385526.0,2024-10-31 00:00:00
297,762906.0,2024-08-31 00:00:00
297,798258.0,2024-09-30 00:00:00
297,782009.0,2024-10-31 00:00:00
298,1044446.0,2024-08-31 00:00:00
298,1057833.0,2024-09-30 00:00:00
298,994484.0,2024-10-31 00:00:00
299,937356.0,2024-08-31 00:00:00
299,964981.0,2024-09-30 00:00:00
299,984025.0,2024-10-31 00:00:00
301,1354525.0,2024-08-31 00:00:00
301,1366126.0,2024-09-30 00:00:00
301,1455793.0,2024-10-31 00:00:00
302,1337012.0,2024-08-31 00:00:00
302,1370408.0,2024-09-30 00:00:00
302,1365393.0,2024-10-31 00:00:00
303,1213259.0,2024-08-31 00:00:00
303,1196567.0,2024-09-30 00:00:00
303,1185673.0,2024-10-31 00:00:00
304,910803.0,2024-08-31 00:00:00
304,922578.0,2024-09-30 00:00:00
304,850630.0,2024-10-31 00:00:00
305,1099073.0,2024-08-31 00:00:00
305,1139872.0,2024-09-30 00:00:00
305,1164480.0,2024-10-31 00:00:00
306,860152.0,2024-08-31 00:00:00
306,841432.0,2024-09-30 00:00:00
306,843017.0,2024-10-31 00:00:00
307,1313108.0,2024-08-31 00:00:00
307,1308233.0,2024-09-30 00:00:00
307,1332051.0,2024-10-31 00:00:00
308,2727860.0,2024-08-31 00:00:00
308,2747444.0,2024-09-30 00:00:00
308,2732987.0,2024-10-31 00:00:00
309,1660148.0,2024-08-31 00:00:00
309,1715317.0,2024-09-30 00:00:00
309,1728149.0,2024-10-31 00:00:00
311,1384272.0,2024-08-31 00:00:00
311,1405798.0,2024-09-30 00:00:00
311,1360673.0,2024-10-31 00:00:00
312,1799575.0,2024-08-31 00:00:00
312,1738186.0,2024-09-30 00:00:00
312,1799370.0,2024-10-31 00:00:00
313,782052.0,2024-08-31 00:00:00
313,800254.0,2024-09-30 00:00:00
313,749847.0,2024-10-31 00:00:00
314,1300014.0,2024-08-31 00:00:00
314,1362048.0,2024-09-30 00:00:00
314,1363927.0,2024-10-31 00:00:00
315,1202020.0,2024-08-31 00:00:00
315,1197566.0,2024-09-30 00:00:00
315,1202160.0,2024-10-31 00:00:00
316,1824312.0,2024-08-31 00:00:00
316,1895971.0,2024-09-30 00:00:00
316,1869363.0,2024-10-31 00:00:00
317,1324740.0,2024-08-31 00:00:00
317,1356955.0,2024-09-30 00:00:00
317,1364142.0,2024-10-31 00:00:00
318,1117263.0,2024-08-31 00:00:00
318,1236925.0,2024-09-30 00:00:00
318,1191236.0,2024-10-31 00:00:00
319,1803734.0,2024-08-31 00:00:00
319,1782461.0,2024-09-30 00:00:00
319,1794035.0,2024-10-31 00:00:00
321,1012731.0,2024-08-31 00:00:00
321,1040815.0,2024-09-30 00:00:00
321,1049419.0,2024-10-31 00:00:00
322,827600.0,2024-08-31 00:00:00
322,835476.0,2024-09-30 00:00:00
322,840004.0,2024-10-31 00:00:00
323,1632453.0,2024-08-31 00:00:00
323,1683015.0,2024-09-30 00:00:00
323,1560402.0,2024-10-31 00:00:00
324,1288395.0,2024-08-31 00:00:00
324,1257439.0,2024-09-30 00:00:00
324,1255947.0,2024-10-31 00:00:00
325,1553030.0,2024-08-31 00:00:00
325,1637060.0,2024-09-30 00:00:00
325,1714182.0,2024-10-31 00:00:00
326,1399869.0,2024-08-31 00:00:00
326,1234378.0,2024-09-30 00:00:00
326,1192103.0,2024-10-31 00:00:00
327,1445621.0,2024-08-31 00:00:00
327,1500279.0,2024-09-30 00:00:00
327,1505339.0,2024-10-31 00:00:00
328,757872.0,2024-08-31 00:00:00
328,857894.0,2024-09-30 00:00:00
328,856618.0,2024-10-31 00:00:00
329,924363.0,2024-08-31 00:00:00
329,942515.0,2024-09-30 00:00:00
329,961129.0,2024-10-31 00:00:00
331,1317471.0,2024-08-31 00:00:00
331,1318121.0,2024-09-30 00:00:00
331,1323419.0,2024-10-31 00:00:00
332,820578.0,2024-08-31 00:00:00
332,859512.0,2024-09-30 00:00:00
332,832925.0,2024-10-31 00:00:00
333,1840562.0,2024-08-31 00:00:00
333,1835397.0,2024-09-30 00:00:00
333,1798829.0,2024-10-31 00:00:00
334,1998261.0,2024-08-31 00:00:00
334,1985181.0,2024-09-30 00:00:00
334,1830502.0,2024-10-31 00:00:00
335,1315855.0,2024-08-31 00:00:00
335,1332536.0,2024-09-30 00:00:00
335,1281220.0,2024-10-31 00:00:00
336,1504902.0,2024-08-31 00:00:00
336,1541781.0,2024-09-30 00:00:00
336,1500479.0,2024-10-31 00:00:00
337,1528857.0,2024-08-31 00:00:00
337,1506604.0,2024-09-30 00:00:00
337,1534415.0,2024-10-31 00:00:00
338,983695.0,2024-08-31 00:00:00
338,1104994.0,2024-09-30 00:00:00
338,1019478.0,2024-10-31 00:00:00
339,1577854.0,2024-08-31 00:00:00
339,1602064.0,2024-09-30 00:00:00
339,1557284.0,2024-10-31 00:00:00
341,1386428.0,2024-08-31 00:00:00
341,1340108.0,2024-09-30 00:00:00
341,1433522.0,2024-10-31 00:00:00
342,1188592.0,2024-08-31 00:00:00
342,1244657.0,2024-09-30 00:00:00
342,1308785.0,2024-10-31 00:00:00
343,1324046.0,2024-08-31 00:00:00
343,1275758.0,2024-09-30 00:00:00
343,1349150.0,2024-10-31 00:00:00
344,975896.0,2024-08-31 00:00:00
344,989796.0,2024-09-30 00:00:00
344,965781.0,2024-10-31 00:00:00
345,2184755.0,2024-08-31 00:00:00
345,2185412.0,2024-09-30 00:00:00
345,2198242.0,2024-10-31 00:00:00
346,1600378.0,2024-08-31 00:00:00
346,1639018.0,2024-09-30 00:00:00
346,1750139.0,2024-10-31 00:00:00
347,807714.0,2024-08-31 00:00:00
347,808208.0,2024-09-30 00:00:00
347,821020.0,2024-10-31 00:00:00
348,1526791.0,2024-08-31 00:00:00
348,1493332.0,2024-09-30 00:00:00
348,1554684.0,2024-10-31 00:00:00
349,1803417.0,2024-08-31 00:00:00
349,1887683.0,2024-09-30 00:00:00
349,1886145.0,2024-10-31 00:00:00
351,955687.0,2024-08-31 00:00:00
351,958473.0,2024-09-30 00:00:00
351,953141.0,2024-10-31 00:00:00
352,1241296.0,2024-08-31 00:00:00
352,1315437.0,2024-09-30 00:00:00
352,1274303.0,2024-10-31 00:00:00
353,1604218.0,2024-08-31 00:00:00
353,1616476.0,2024-09-30 00:00:00
353,1754817.0,2024-10-31 00:00:00
354,1316873.0,2024-08-31 00:00:00
354,1255177.0,2024-09-30 00:00:00
354,1292694.0,2024-10-31 00:00:00
355,1488058.0,2024-08-31 00:00:00
355,1265172.0,2024-09-30 00:00:00
355,1453368.0,2024-10-31 00:00:00
356,1345319.0,2024-08-31 00:00:00
356,1347048.0,2024-09-30 00:00:00
356,1423372.0,2024-10-31 00:00:00
357,1095460.0,2024-08-31 00:00:00
357,1110271.0,2024-09-30 00:00:00
357,1051963.0,2024-10-31 00:00:00
358,838596.0,2024-08-31 00:00:00
358,818275.0,2024-09-30 00:00:00
358,796947.0,2024-10-31 00:00:00
359,1032631.0,2024-08-31 00:00:00
359,1102001.0,2024-09-30 00:00:00
359,1131504.0,2024-10-31 00:00:00
361,1022254.0,2024-08-31 00:00:00
361,1026303.0,2024-09-30 00:00:00
361,1057284.0,2024-10-31 00:00:00
362,1200506.0,2024-08-31 00:00:00
362,1178147.0,2024-09-30 00:00:00
362,1150485.0,2024-10-31 00:00:00
363,1193568.0,2024-08-31 00:00:00
363,1194317.0,2024-09-30 00:00:00
363,1147358.0,2024-10-31 00:00:00
364,1732323.0,2024-08-31 00:00:00
364,1896832.0,2024-09-30 00:00:00
364,1851166.0,2024-10-31 00:00:00
365,1304475.0,2024-08-31 00:00:00
365,1421437.0,2024-09-30 00:00:00
365,1415990.0,2024-10-31 00:00:00
366,980627.0,2024-08-31 00:00:00
366,1006179.0,2024-09-30 00:00:00
366,1015130.0,2024-10-31 00:00:00
367,2107895.0,2024-08-31 00:00:00
367,1955877.0,2024-09-30 00:00:00
367,1912051.0,2024-10-31 00:00:00
368,1138966.0,2024-08-31 00:00:00
368,1106726.0,2024-09-30 00:00:00
368,1175652.0,2024-10-31 00:00:00
369,1315686.0,2024-08-31 00:00:00
369,1340827.0,2024-09-30 00:00:00
369,1336843.0,2024-10-31 00:00:00
371,1318150.0,2024-08-31 00:00:00
371,1374612.0,2024-09-30 00:00:00
371,1358047.0,2024-10-31 00:00:00
372,1673943.0,2024-08-31 00:00:00
372,1661053.0,2024-09-30 00:00:00
372,1602943.0,2024-10-31 00:00:00
373,1141815.0,2024-08-31 00:00:00
373,1126893.0,2024-09-30 00:00:00
373,1235266.0,2024-10-31 00:00:00
374,1902016.0,2024-08-31 00:00:00
374,1930458.0,2024-09-30 00:00:00
374,1860039.0,2024-10-31 00:00:00
375,1265629.0,2024-08-31 00:00:00
375,1254557.0,2024-09-30 00:00:00
375,1259451.0,2024-10-31 00:00:00
376,700042.0,2024-08-31 00:00:00
376,667943.0,2024-09-30 00:00:00
376,701420.0,2024-10-31 00:00:00
377,1087763.0,2024-08-31 00:00:00
377,1028749.0,2024-09-30 00:00:00
377,1047429.0,2024-10-31 00:00:00
378,1518576.0,2024-08-31 00:00:00
378,1526716.0,2024-09-30 00:00:00
378,1534920.0,2024-10-31 00:00:00
379,920767.0,2024-08-31 00:00:00
379,966361.0,2024-09-30 00:00:00
379,983540.0,2024-10-31 00:00:00
381,855564.0,2024-08-31 00:00:00
381,818870.0,2024-09-30 00:00:00
381,825114.0,2024-10-31 00:00:00
382,702378.0,2024-08-31 00:00:00
382,710952.0,2024-09-30 00:00:00
382,704833.0,2024-10-31 00:00:00
383,1168409.0,2024-08-31 00:00:00
383,1203329.0,2024-09-30 00:00:00
383,1247824.0,2024-10-31 00:00:00
384,1361626.0,2024-08-31 00:00:00
384,1433085.0,2024-09-30 00:00:00
384,1346418.0,2024-10-31 00:00:00
385,1609904.0,2024-08-31 00:00:00
385,1433532.0,2024-09-30 00:00:00
385,1463798.0,2024-10-31 00:00:00
386,832506.0,2024-08-31 00:00:00
386,796960.0,2024-09-30 00:00:00
386,804175.0,2024-10-31 00:00:00
387,1266034.0,2024-08-31 00:00:00
387,1234555.0,2024-09-30 00:00:00
387,1362435.0,2024-10-31 00:00:00
388,929316.0,2024-08-31 00:00:00
388,825338.0,2024-09-30 00:00:00
388,837889.0,2024-10-31 00:00:00
389,1481940.0,2024-08-31 00:00:00
389,1513364.0,2024-09-30 00:00:00
389,1471500.0,2024-10-31 00:00:00
391,993930.0,2024-08-31 00:00:00
391,1115666.0,2024-09-30 00:00:00
391,1060952.0,2024-10-31 00:00:00
392,1265082.0,2024-08-31 00:00:00
392,1323653.0,2024-09-30 00:00:00
392,1286047.0,2024-10-31 00:00:00
393,1206941.0,2024-08-31 00:00:00
393,1223067.0,2024-09-30 00:00:00
393,1337380.0,2024-10-31 00:00:00
394,1331804.0,2024-08-31 00:00:00
394,1153985.0,2024-09-30 00:00:00
394,1205424.0,2024-10-31 00:00:00
395,1243229.0,2024-08-31 00:00:00
395,1244979.0,2024-09-30 00:00:00
395,1258916.0,2024-10-31 00:00:00
396,1703382.0,2024-08-31 00:00:00
396,1784868.0,2024-09-30 00:00:00
396,1804448.0,2024-10-31 00:00:00
397,675982.0,2024-08-31 00:00:00
397,689649.0,2024-09-30 00:00:00
397,789174.0,2024-10-31 00:00:00
398,1465501.0,2024-08-31 00:00:00
398,1604069.0,2024-09-30 00:00:00
398,1493442.0,2024-10-31 00:00:00
399,950975.0,2024-08-31 00:00:00
399,966140.0,2024-09-30 00:00:00
399,993713.0,2024-10-31 00:00:00
401,1197026.0,2024-08-31 00:00:00
401,1208533.0,2024-09-30 00:00:00
401,1125340.0,2024-10-31 00:00:00
402,1136214.0,2024-08-31 00:00:00
402,1160113.0,2024-09-30 00:00:00
402,1007196.0,2024-10-31 00:00:00
403,1495791.0,2024-08-31 00:00:00
403,1387477.0,2024-09-30 00:00:00
403,1454695.0,2024-10-31 00:00:00
404,1294371.0,2024-08-31 00:00:00
404,1282006.0,2024-09-30 00:00:00
404,1272111.0,2024-10-31 00:00:00
405,930366.0,2024-08-31 00:00:00
405,826276.0,2024-09-30 00:00:00
405,772276.0,2024-10-31 00:00:00
406,996527.0,2024-08-31 00:00:00
406,1029821.0,2024-09-30 00:00:00
406,1049714.0,2024-10-31 00:00:00
407,937696.0,2024-08-31 00:00:00
407,892021.0,2024-09-30 00:00:00
407,918278.0,2024-10-31 00:00:00
408,1722425.0,2024-08-31 00:00:00
408,1733793.0,2024-09-30 00:00:00
408,1841518.0,2024-10-31 00:00:00
409,755639.0,2024-08-31 00:00:00
409,766264.0,2024-09-30 00:00:00
409,811595.0,2024-10-31 00:00:00
411,829258.0,2024-08-31 00:00:00
411,849512.0,2024-09-30 00:00:00
411,863692.0,2024-10-31 00:00:00
412,1425274.0,2024-08-31 00:00:00
412,1463837.0,2024-09-30 00:00:00
412,1492842.0,2024-10-31 00:00:00
413,1486354.0,2024-08-31 00:00:00
413,1378419.0,2024-09-30 00:00:00
413,1368966.0,2024-10-31 00:00:00
414,1320854.0,2024-08-31 00:00:00
414,1303763.0,2024-09-30 00:00:00
414,1351336.0,2024-10-31 00:00:00
415,1063474.0,2024-08-31 00:00:00
415,1077233.0,2024-09-30 00:00:00
415,1066893.0,2024-10-31 00:00:00
416,1475027.0,2024-08-31 00:00:00
416,1566328.0,2024-09-30 00:00:00
416,1541538.0,2024-10-31 00:00:00
417,909892.0,2024-08-31 00:00:00
417,967166.0,2024-09-30 00:00:00
417,937154.0,2024-10-31 00:00:00
418,1369587.0,2024-08-31 00:00:00
418,1314340.0,2024-09-30 00:00:00
418,1359002.0,2024-10-31 00:00:00
419,1291311.0,2024-08-31 00:00:00
419,1306366.0,2024-09-30 00:00:00
419,1311660.0,2024-10-31 00:00:00
421,1768759.0,2024-08-31 00:00:00
421,1856150.0,2024-09-30 00:00:00
421,1895601.0,2024-10-31 00:00:00
422,1343145.0,2024-08-31 00:00:00
422,1369806.0,2024-09-30 00:00:00
422,1427797.0,2024-10-31 00:00:00
423,1248779.0,2024-08-31 00:00:00
423,1036834.0,2024-09-30 00:00:00
423,1163370.0,2024-10-31 00:00:00
424,890890.0,2024-08-31 00:00:00
424,945715.0,2024-09-30 00:00:00
424,914269.0,2024-10-31 00:00:00
425,1790126.0,2024-08-31 00:00:00
425,1754768.0,2024-09-30 00:00:00
425,1761651.0,2024-10-31 00:00:00
426,978799.0,2024-08-31 00:00:00
426,936555.0,2024-09-30 00:00:00
426,971475.0,2024-10-31 00:00:00
427,1100614.0,2024-08-31 00:00:00
427,1111748.0,2024-09-30 00:00:00
427,1080694.0,2024-10-31 00:00:00
428,1430710.0,2024-08-31 00:00:00
428,1486035.0,2024-09-30 00:00:00
428,1508284.0,2024-10-31 00:00:00
429,1445216.0,2024-08-31 00:00:00
429,1458591.0,2024-09-30 00:00:00
429,1431603.0,2024-10-31 00:00:00
431,1075860.0,2024-08-31 00:00:00
431,1044685.0,2024-09-30 00:00:00
431,1037957.0,2024-10-31 00:00:00
432,1229900.0,2024-08-31 00:00:00
432,1259741.0,2024-09-30 00:00:00
432,1199878.0,2024-10-31 00:00:00
433,837154.0,2024-08-31 00:00:00
433,862311.0,2024-09-30 00:00:00
433,801916.0,2024-10-31 00:00:00
434,874125.0,2024-08-31 00:00:00
434,847547.0,2024-09-30 00:00:00
434,755773.0,2024-10-31 00:00:00
435,1747163.0,2024-08-31 00:00:00
435,1738194.0,2024-09-30 00:00:00
435,1768521.0,2024-10-31 00:00:00
436,2380746.0,2024-08-31 00:00:00
436,2498890.0,2024-09-30 00:00:00
436,2556595.0,2024-10-31 00:00:00
437,1862053.0,2024-08-31 00:00:00
437,1833464.0,2024-09-30 00:00:00
437,1886356.0,2024-10-31 00:00:00
438,1094219.0,2024-08-31 00:00:00
438,1136968.0,2024-09-30 00:00:00
438,1114477.0,2024-10-31 00:00:00
439,1191519.0,2024-08-31 00:00:00
439,1155471.0,2024-09-30 00:00:00
439,1225939.0,2024-10-31 00:00:00
441,1060302.0,2024-08-31 00:00:00
441,869639.0,2024-09-30 00:00:00
441,858952.0,2024-10-31 00:00:00
442,950416.0,2024-08-31 00:00:00
442,967746.0,2024-09-30 00:00:00
442,922217.0,2024-10-31 00:00:00
443,1353954.0,2024-08-31 00:00:00
443,1418580.0,2024-09-30 00:00:00
443,1422076.0,2024-10-31 00:00:00
444,1337023.0,2024-08-31 00:00:00
444,1363471.0,2024-09-30 00:00:00
444,1413207.0,2024-10-31 00:00:00
445,1652344.0,2024-08-31 00:00:00
445,1727409.0,2024-09-30 00:00:00
445,1724158.0,2024-10-31 00:00:00
446,1261349.0,2024-08-31 00:00:00
446,1314602.0,2024-09-30 00:00:00
446,1349419.0,2024-10-31 00:00:00
447,660630.0,2024-08-31 00:00:00
447,749831.0,2024-09-30 00:00:00
447,747493.0,2024-10-31 00:00:00
448,1212975.0,2024-08-31 00:00:00
448,1234322.0,2024-09-30 00:00:00
448,1214766.0,2024-10-31 00:00:00
449,1225020.0,2024-08-31 00:00:00
449,1191004.0,2024-09-30 00:00:00
449,1159082.0,2024-10-31 00:00:00
451,857544.0,2024-08-31 00:00:00
451,845257.0,2024-09-30 00:00:00
451,850210.0,2024-10-31 00:00:00
452,775172.0,2024-08-31 00:00:00
452,837327.0,2024-09-30 00:00:00
452,809085.0,2024-10-31 00:00:00
453,970692.0,2024-08-31 00:00:00
453,990624.0,2024-09-30 00:00:00
453,965129.0,2024-10-31 00:00:00
454,853802.0,2024-08-31 00:00:00
454,845632.0,2024-09-30 00:00:00
454,802823.0,2024-10-31 00:00:00
455,517118.0,2024-08-31 00:00:00
455,593202.0,2024-09-30 00:00:00
455,541441.0,2024-10-31 00:00:00
456,1053045.0,2024-08-31 00:00:00
456,1075703.0,2024-09-30 00:00:00
456,1112447.0,2024-10-31 00:00:00
457,880497.0,2024-08-31 00:00:00
457,965641.0,2024-09-30 00:00:00
457,929832.0,2024-10-31 00:00:00
458,803041.0,2024-08-31 00:00:00
458,862761.0,2024-09-30 00:00:00
458,860495.0,2024-10-31 00:00:00
459,1319246.0,2024-08-31 00:00:00
459,1250855.0,2024-09-30 00:00:00
459,1324698.0,2024-10-31 00:00:00
461,1927756.0,2024-08-31 00:00:00
461,1863765.0,2024-09-30 00:00:00
461,1841556.0,2024-10-31 00:00:00
462,827366.0,2024-08-31 00:00:00
462,825352.0,2024-09-30 00:00:00
462,848036.0,2024-10-31 00:00:00
463,761246.0,2024-08-31 00:00:00
463,714059.0,2024-09-30 00:00:00
463,745014.0,2024-10-31 00:00:00
464,628750.0,2024-08-31 00:00:00
464,579931.0,2024-09-30 00:00:00
464,599744.0,2024-10-31 00:00:00
465,976760.0,2024-08-31 00:00:00
465,991888.0,2024-09-30 00:00:00
465,1027385.0,2024-10-31 00:00:00
466,489900.0,2024-08-31 00:00:00
466,492459.0,2024-09-30 00:00:00
466,474112.0,2024-10-31 00:00:00
467,1809300.0,2024-08-31 00:00:00
467,1825041.0,2024-09-30 00:00:00
467,1831551.0,2024-10-31 00:00:00
468,1064798.0,2024-08-31 00:00:00
468,1053706.0,2024-09-30 00:00:00
468,1045019.0,2024-10-31 00:00:00
469,1040596.0,2024-08-31 00:00:00
469,1062886.0,2024-09-30 00:00:00
469,1057642.0,2024-10-31 00:00:00
471,859175.0,2024-08-31 00:00:00
471,890182.0,2024-09-30 00:00:00
471,861655.0,2024-10-31 00:00:00
472,802803.0,2024-08-31 00:00:00
472,784746.0,2024-09-30 00:00:00
472,804571.0,2024-10-31 00:00:00
473,1290506.0,2024-08-31 00:00:00
473,1303556.0,2024-09-30 00:00:00
473,1368568.0,2024-10-31 00:00:00
474,828474.0,2024-08-31 00:00:00
474,797118.0,2024-09-30 00:00:00
474,816488.0,2024-10-31 00:00:00
475,1012320.0,2024-08-31 00:00:00
475,998078.0,2024-09-30 00:00:00
475,1025553.0,2024-10-31 00:00:00
476,971893.0,2024-08-31 00:00:00
476,1013342.0,2024-09-30 00:00:00
476,964618.0,2024-10-31 00:00:00
477,1193490.0,2024-08-31 00:00:00
477,1139736.0,2024-09-30 00:00:00
477,1108196.0,2024-10-31 00:00:00
478,1258716.0,2024-08-31 00:00:00
478,1242742.0,2024-09-30 00:00:00
478,1222248.0,2024-10-31 00:00:00
479,987042.0,2024-08-31 00:00:00
479,990226.0,2024-09-30 00:00:00
479,989168.0,2024-10-31 00:00:00
481,917899.0,2024-08-31 00:00:00
481,949200.0,2024-09-30 00:00:00
481,915713.0,2024-10-31 00:00:00
482,1263773.0,2024-08-31 00:00:00
482,1131951.0,2024-09-30 00:00:00
482,1131940.0,2024-10-31 00:00:00
483,1217342.0,2024-08-31 00:00:00
483,1213338.0,2024-09-30 00:00:00
483,1199268.0,2024-10-31 00:00:00
484,1734576.0,2024-08-31 00:00:00
484,1745014.0,2024-09-30 00:00:00
484,1777640.0,2024-10-31 00:00:00
485,988501.0,2024-08-31 00:00:00
485,1017006.0,2024-09-30 00:00:00
485,970018.0,2024-10-31 00:00:00
486,421255.0,2024-08-31 00:00:00
486,441656.0,2024-09-30 00:00:00
486,439896.0,2024-10-31 00:00:00
487,1004931.0,2024-08-31 00:00:00
487,986333.0,2024-09-30 00:00:00
487,998664.0,2024-10-31 00:00:00
488,747915.0,2024-08-31 00:00:00
488,769382.0,2024-09-30 00:00:00
488,815966.0,2024-10-31 00:00:00
489,792045.0,2024-08-31 00:00:00
489,709246.0,2024-09-30 00:00:00
489,710992.0,2024-10-31 00:00:00
491,1288479.0,2024-08-31 00:00:00
491,1387478.0,2024-09-30 00:00:00
491,1360699.0,2024-10-31 00:00:00
492,952015.0,2024-08-31 00:00:00
492,974721.0,2024-09-30 00:00:00
492,970517.0,2024-10-31 00:00:00
493,1592576.0,2024-08-31 00:00:00
493,1661367.0,2024-09-30 00:00:00
493,1560617.0,2024-10-31 00:00:00
494,1355709.0,2024-08-31 00:00:00
494,1379615.0,2024-09-30 00:00:00
494,1370025.0,2024-10-31 00:00:00
495,832179.0,2024-08-31 00:00:00
495,827554.0,2024-09-30 00:00:00
495,801127.0,2024-10-31 00:00:00
496,1317122.0,2024-08-31 00:00:00
496,1310706.0,2024-09-30 00:00:00
496,1323550.0,2024-10-31 00:00:00
497,1200325.0,2024-08-31 00:00:00
497,1201680.0,2024-09-30 00:00:00
497,1186680.0,2024-10-31 00:00:00
498,780381.0,2024-08-31 00:00:00
498,751384.0,2024-09-30 00:00:00
498,755289.0,2024-10-31 00:00:00
499,776455.0,2024-08-31 00:00:00
499,767431.0,2024-09-30 00:00:00
499,751066.0,2024-10-31 00:00:00
501,1049009.0,2024-08-31 00:00:00
501,1073040.0,2024-09-30 00:00:00
501,1140395.0,2024-10-31 00:00:00
502,1096758.0,2024-08-31 00:00:00
502,1119743.0,2024-09-30 00:00:00
502,1074746.0,2024-10-31 00:00:00
503,1102266.0,2024-08-31 00:00:00
503,1037718.0,2024-09-30 00:00:00
503,1034476.0,2024-10-31 00:00:00
504,1454723.0,2024-08-31 00:00:00
504,1423127.0,2024-09-30 00:00:00
504,1462332.0,2024-10-31 00:00:00
505,922765.0,2024-08-31 00:00:00
505,940618.0,2024-09-30 00:00:00
505,942689.0,2024-10-31 00:00:00
506,943796.0,2024-08-31 00:00:00
506,982400.0,2024-09-30 00:00:00
506,939219.0,2024-10-31 00:00:00
507,1902832.0,2024-08-31 00:00:00
507,1988371.0,2024-09-30 00:00:00
507,2004986.0,2024-10-31 00:00:00
508,1653764.0,2024-08-31 00:00:00
508,1664913.0,2024-09-30 00:00:00
508,1723161.0,2024-10-31 00:00:00
509,778303.0,2024-08-31 00:00:00
509,768799.0,2024-09-30 00:00:00
509,766920.0,2024-10-31 00:00:00
511,837458.0,2024-08-31 00:00:00
511,825352.0,2024-09-30 00:00:00
511,827595.0,2024-10-31 00:00:00
512,1458660.0,2024-08-31 00:00:00
512,1503287.0,2024-09-30 00:00:00
512,1445848.0,2024-10-31 00:00:00
513,1256448.0,2024-08-31 00:00:00
513,1288085.0,2024-09-30 00:00:00
513,1256561.0,2024-10-31 00:00:00
514,894837.0,2024-08-31 00:00:00
514,918210.0,2024-09-30 00:00:00
514,870619.0,2024-10-31 00:00:00
515,1096034.0,2024-08-31 00:00:00
515,1093636.0,2024-09-30 00:00:00
515,1149624.0,2024-10-31 00:00:00
516,500429.0,2024-08-31 00:00:00
516,481697.0,2024-09-30 00:00:00
516,475455.0,2024-10-31 00:00:00
517,852899.0,2024-08-31 00:00:00
517,870682.0,2024-09-30 00:00:00
517,849250.0,2024-10-31 00:00:00
518,1326307.0,2024-08-31 00:00:00
518,1365858.0,2024-09-30 00:00:00
518,1396876.0,2024-10-31 00:00:00
519,1058316.0,2024-08-31 00:00:00
519,1046249.0,2024-09-30 00:00:00
519,1034740.0,2024-10-31 00:00:00
521,1453296.0,2024-08-31 00:00:00
521,1500884.0,2024-09-30 00:00:00
521,1452950.0,2024-10-31 00:00:00
522,1538557.0,2024-08-31 00:00:00
522,1433936.0,2024-09-30 00:00:00
522,1511001.0,2024-10-31 00:00:00
523,1114326.0,2024-08-31 00:00:00
523,1209677.0,2024-09-30 00:00:00
523,1132972.0,2024-10-31 00:00:00
524,1441794.0,2024-08-31 00:00:00
524,1530827.0,2024-09-30 00:00:00
524,1521774.0,2024-10-31 00:00:00
525,517324.0,2024-08-31 00:00:00
525,496319.0,2024-09-30 00:00:00
525,483742.0,2024-10-31 00:00:00
526,932319.0,2024-08-31 00:00:00
526,913018.0,2024-09-30 00:00:00
526,930989.0,2024-10-31 00:00:00
527,958978.0,2024-08-31 00:00:00
527,999855.0,2024-09-30 00:00:00
527,977552.0,2024-10-31 00:00:00
528,891121.0,2024-08-31 00:00:00
528,895721.0,2024-09-30 00:00:00
528,867997.0,2024-10-31 00:00:00
529,661067.0,2024-08-31 00:00:00
529,691256.0,2024-09-30 00:00:00
529,648037.0,2024-10-31 00:00:00
531,851235.0,2024-08-31 00:00:00
531,867415.0,2024-09-30 00:00:00
531,849572.0,2024-10-31 00:00:00
532,645242.0,2024-08-31 00:00:00
532,653362.0,2024-09-30 00:00:00
532,691037.0,2024-10-31 00:00:00
533,714095.0,2024-08-31 00:00:00
533,726433.0,2024-09-30 00:00:00
533,762432.0,2024-10-31 00:00:00
534,1284620.0,2024-08-31 00:00:00
534,1298189.0,2024-09-30 00:00:00
534,1309712.0,2024-10-31 00:00:00
535,486742.0,2024-08-31 00:00:00
535,504530.0,2024-09-30 00:00:00
535,501703.0,2024-10-31 00:00:00
536,995615.0,2024-08-31 00:00:00
536,1007375.0,2024-09-30 00:00:00
536,994392.0,2024-10-31 00:00:00
537,807962.0,2024-08-31 00:00:00
537,742204.0,2024-09-30 00:00:00
537,758200.0,2024-10-31 00:00:00
538,1205184.0,2024-08-31 00:00:00
538,1194890.0,2024-09-30 00:00:00
538,1165363.0,2024-10-31 00:00:00
539,1537172.0,2024-08-31 00:00:00
539,1537586.0,2024-09-30 00:00:00
539,1557204.0,2024-10-31 00:00:00
541,1284604.0,2024-08-31 00:00:00
541,1256713.0,2024-09-30 00:00:00
541,1307997.0,2024-10-31 00:00:00
542,1109480.0,2024-08-31 00:00:00
542,1141371.0,2024-09-30 00:00:00
542,1113751.0,2024-10-31 00:00:00
543,1247798.0,2024-08-31 00:00:00
543,1326390.0,2024-09-30 00:00:00
543,1318379.0,2024-10-31 00:00:00
544,699632.0,2024-08-31 00:00:00
544,712736.0,2024-09-30 00:00:00
544,739037.0,2024-10-31 00:00:00
545,899717.0,2024-08-31 00:00:00
545,925023.0,2024-09-30 00:00:00
545,896854.0,2024-10-31 00:00:00
546,1060704.0,2024-08-31 00:00:00
546,997818.0,2024-09-30 00:00:00
546,1086146.0,2024-10-31 00:00:00
547,470618.0,2024-08-31 00:00:00
547,471121.0,2024-09-30 00:00:00
547,440871.0,2024-10-31 00:00:00
548,1175476.0,2024-08-31 00:00:00
548,1134767.0,2024-09-30 00:00:00
548,1182097.0,2024-10-31 00:00:00
549,1157681.0,2024-08-31 00:00:00
549,1173055.0,2024-09-30 00:00:00
549,1165452.0,2024-10-31 00:00:00
551,1244759.0,2024-08-31 00:00:00
551,1299313.0,2024-09-30 00:00:00
551,1330317.0,2024-10-31 00:00:00
552,708007.0,2024-08-31 00:00:00
552,757839.0,2024-09-30 00:00:00
552,709262.0,2024-10-31 00:00:00
553,1167800.0,2024-08-31 00:00:00
553,1156107.0,2024-09-30 00:00:00
553,1213188.0,2024-10-31 00:00:00
554,2030648.0,2024-08-31 00:00:00
554,1954034.0,2024-09-30 00:00:00
554,2067663.0,2024-10-31 00:00:00
555,1242839.0,2024-08-31 00:00:00
555,1158891.0,2024-09-30 00:00:00
555,1212659.0,2024-10-31 00:00:00
556,1240115.0,2024-08-31 00:00:00
556,1204256.0,2024-09-30 00:00:00
556,1269290.0,2024-10-31 00:00:00
557,1530784.0,2024-08-31 00:00:00
557,1567395.0,2024-09-30 00:00:00
557,1482562.0,2024-10-31 00:00:00
558,687324.0,2024-08-31 00:00:00
558,679282.0,2024-09-30 00:00:00
558,708984.0,2024-10-31 00:00:00
559,1267119.0,2024-08-31 00:00:00
559,1339313.0,2024-09-30 00:00:00
559,1314298.0,2024-10-31 00:00:00
561,936567.0,2024-08-31 00:00:00
561,951988.0,2024-09-30 00:00:00
561,907505.0,2024-10-31 00:00:00
562,659579.0,2024-08-31 00:00:00
562,731286.0,2024-09-30 00:00:00
562,757282.0,2024-10-31 00:00:00
563,1176181.0,2024-08-31 00:00:00
563,1149274.0,2024-09-30 00:00:00
563,1151503.0,2024-10-31 00:00:00
564,1199551.0,2024-08-31 00:00:00
564,1195985.0,2024-09-30 00:00:00
564,1211273.0,2024-10-31 00:00:00
565,902965.0,2024-08-31 00:00:00
565,918567.0,2024-09-30 00:00:00
565,888783.0,2024-10-31 00:00:00
566,625762.0,2024-08-31 00:00:00
566,649793.0,2024-09-30 00:00:00
566,660190.0,2024-10-31 00:00:00
567,1800510.0,2024-08-31 00:00:00
567,1814339.0,2024-09-30 00:00:00
567,1758048.0,2024-10-31 00:00:00
568,1025443.0,2024-08-31 00:00:00
568,1067233.0,2024-09-30 00:00:00
568,1052360.0,2024-10-31 00:00:00
569,1082783.0,2024-08-31 00:00:00
569,1077169.0,2024-09-30 00:00:00
569,1005332.0,2024-10-31 00:00:00
571,1465447.0,2024-08-31 00:00:00
571,1490528.0,2024-09-30 00:00:00
571,1517973.0,2024-10-31 00:00:00
572,811483.0,2024-08-31 00:00:00
572,818346.0,2024-09-30 00:00:00
572,772651.0,2024-10-31 00:00:00
573,773342.0,2024-08-31 00:00:00
573,839619.0,2024-09-30 00:00:00
573,851118.0,2024-10-31 00:00:00
574,725398.0,2024-08-31 00:00:00
574,689169.0,2024-09-30 00:00:00
574,702690.0,2024-10-31 00:00:00
575,1227662.0,2024-08-31 00:00:00
575,1210312.0,2024-09-30 00:00:00
575,1203544.0,2024-10-31 00:00:00
576,768477.0,2024-08-31 00:00:00
576,810332.0,2024-09-30 00:00:00
576,793467.0,2024-10-31 00:00:00
577,941057.0,2024-08-31 00:00:00
577,909289.0,2024-09-30 00:00:00
577,909706.0,2024-10-31 00:00:00
578,1014896.0,2024-08-31 00:00:00
578,1012596.0,2024-09-30 00:00:00
578,1067177.0,2024-10-31 00:00:00
579,741419.0,2024-08-31 00:00:00
579,849272.0,2024-09-30 00:00:00
579,746265.0,2024-10-31 00:00:00
581,657394.0,2024-08-31 00:00:00
581,656216.0,2024-09-30 00:00:00
581,680601.0,2024-10-31 00:00:00
582,1139118.0,2024-08-31 00:00:00
582,1065684.0,2024-09-30 00:00:00
582,1100262.0,2024-10-31 00:00:00
583,1018146.0,2024-08-31 00:00:00
583,1023307.0,2024-09-30 00:00:00
583,1058330.0,2024-10-31 00:00:00
584,1438885.0,2024-08-31 00:00:00
584,1443814.0,2024-09-30 00:00:00
584,1495112.0,2024-10-31 00:00:00
585,617569.0,2024-08-31 00:00:00
585,642365.0,2024-09-30 00:00:00
585,627916.0,2024-10-31 00:00:00
586,741015.0,2024-08-31 00:00:00
586,758962.0,2024-09-30 00:00:00
586,750506.0,2024-10-31 00:00:00
587,934888.0,2024-08-31 00:00:00
587,951358.0,2024-09-30 00:00:00
587,907669.0,2024-10-31 00:00:00
588,1222955.0,2024-08-31 00:00:00
588,1243400.0,2024-09-30 00:00:00
588,1223481.0,2024-10-31 00:00:00
589,1299740.0,2024-08-31 00:00:00
589,1339505.0,2024-09-30 00:00:00
589,1324326.0,2024-10-31 00:00:00
591,1635917.0,2024-08-31 00:00:00
591,1591914.0,2024-09-30 00:00:00
591,1528821.0,2024-10-31 00:00:00
592,803462.0,2024-08-31 00:00:00
592,762491.0,2024-09-30 00:00:00
592,783175.0,2024-10-31 00:00:00
593,949762.0,2024-08-31 00:00:00
593,907586.0,2024-09-30 00:00:00
593,976054.0,2024-10-31 00:00:00
594,1046557.0,2024-08-31 00:00:00
594,1080168.0,2024-09-30 00:00:00
594,1022851.0,2024-10-31 00:00:00
595,1486621.0,2024-08-31 00:00:00
595,1411102.0,2024-09-30 00:00:00
595,1457209.0,2024-10-31 00:00:00
596,1081792.0,2024-08-31 00:00:00
596,1068374.0,2024-09-30 00:00:00
596,1041541.0,2024-10-31 00:00:00
597,1200893.0,2024-08-31 00:00:00
597,1170138.0,2024-09-30 00:00:00
597,1173405.0,2024-10-31 00:00:00
598,1335698.0,2024-08-31 00:00:00
598,1357306.0,2024-09-30 00:00:00
598,1263913.0,2024-10-31 00:00:00
599,1015795.0,2024-08-31 00:00:00
599,1031652.0,2024-09-30 00:00:00
599,1107848.0,2024-10-31 00:00:00
601,834724.0,2024-08-31 00:00:00
601,866844.0,2024-09-30 00:00:00
601,823603.0,2024-10-31 00:00:00
602,1442531.0,2024-08-31 00:00:00
602,1386066.0,2024-09-30 00:00:00
602,1453350.0,2024-10-31 00:00:00
603,932624.0,2024-08-31 00:00:00
603,922755.0,2024-09-30 00:00:00
603,878266.0,2024-10-31 00:00:00
604,1756452.0,2024-08-31 00:00:00
604,1675180.0,2024-09-30 00:00:00
604,1742800.0,2024-10-31 00:00:00
605,1123200.0,2024-08-31 00:00:00
605,1017192.0,2024-09-30 00:00:00
605,1180499.0,2024-10-31 00:00:00
606,752530.0,2024-08-31 00:00:00
606,742957.0,2024-09-30 00:00:00
606,729028.0,2024-10-31 00:00:00
607,510887.0,2024-08-31 00:00:00
607,562456.0,2024-09-30 00:00:00
607,493224.0,2024-10-31 00:00:00
608,2081787.0,2024-08-31 00:00:00
608,2036242.0,2024-09-30 00:00:00
608,2076991.0,2024-10-31 00:00:00
609,1111466.0,2024-08-31 00:00:00
609,1077400.0,2024-09-30 00:00:00
609,1113936.0,2024-10-31 00:00:00
611,1289905.0,2024-08-31 00:00:00
611,1303450.0,2024-09-30 00:00:00
611,1370723.0,2024-10-31 00:00:00
612,1496840.0,2024-08-31 00:00:00
612,1412280.0,2024-09-30 00:00:00
612,1450554.0,2024-10-31 00:00:00
613,1176102.0,2024-08-31 00:00:00
613,1201806.0,2024-09-30 00:00:00
613,1208283.0,2024-10-31 00:00:00
614,723044.0,2024-08-31 00:00:00
614,702217.0,2024-09-30 00:00:00
614,724394.0,2024-10-31 00:00:00
615,729484.0,2024-08-31 00:00:00
615,694864.0,2024-09-30 00:00:00
615,716384.0,2024-10-31 00:00:00
616,805893.0,2024-08-31 00:00:00
616,773164.0,2024-09-30 00:00:00
616,780399.0,2024-10-31 00:00:00
617,1260232.0,2024-08-31 00:00:00
617,1264338.0,2024-09-30 00:00:00
617,1313393.0,2024-10-31 00:00:00
618,859502.0,2024-08-31 00:00:00
618,874780.0,2024-09-30 00:00:00
618,769390.0,2024-10-31 00:00:00
619,659435.0,2024-08-31 00:00:00
619,687805.0,2024-09-30 00:00:00
619,677206.0,2024-10-31 00:00:00
621,835905.0,2024-08-31 00:00:00
621,843470.0,2024-09-30 00:00:00
621,864587.0,2024-10-31 00:00:00
622,847645.0,2024-08-31 00:00:00
622,762835.0,2024-09-30 00:00:00
622,807311.0,2024-10-31 00:00:00
623,669456.0,2024-08-31 00:00:00
623,654477.0,2024-09-30 00:00:00
623,674133.0,2024-10-31 00:00:00
624,1214216.0,2024-08-31 00:00:00
624,1199412.0,2024-09-30 00:00:00
624,1231979.0,2024-10-31 00:00:00
625,1161605.0,2024-08-31 00:00:00
625,1111043.0,2024-09-30 00:00:00
625,1089844.0,2024-10-31 00:00:00
626,885658.0,2024-08-31 00:00:00
626,892601.0,2024-09-30 00:00:00
626,896208.0,2024-10-31 00:00:00
627,814397.0,2024-08-31 00:00:00
627,787821.0,2024-09-30 00:00:00
627,793888.0,2024-10-31 00:00:00
628,845115.0,2024-08-31 00:00:00
628,932215.0,2024-09-30 00:00:00
628,911954.0,2024-10-31 00:00:00
629,2700018.0,2024-08-31 00:00:00
629,2548813.0,2024-09-30 00:00:00
629,2433873.0,2024-10-31 00:00:00
631,918420.0,2024-08-31 00:00:00
631,908624.0,2024-09-30 00:00:00
631,895783.0,2024-10-31 00:00:00
632,721471.0,2024-08-31 00:00:00
632,734022.0,2024-09-30 00:00:00
632,721962.0,2024-10-31 00:00:00
633,1046790.0,2024-08-31 00:00:00
633,1226160.0,2024-09-30 00:00:00
633,1050497.0,2024-10-31 00:00:00
634,1119541.0,2024-08-31 00:00:00
634,1131970.0,2024-09-30 00:00:00
634,1192673.0,2024-10-31 00:00:00
635,1158785.0,2024-08-31 00:00:00
635,1184519.0,2024-09-30 00:00:00
635,1210176.0,2024-10-31 00:00:00
636,886609.0,2024-08-31 00:00:00
636,828760.0,2024-09-30 00:00:00
636,779249.0,2024-10-31 00:00:00
637,633244.0,2024-08-31 00:00:00
637,640762.0,2024-09-30 00:00:00
637,628945.0,2024-10-31 00:00:00
638,933515.0,2024-08-31 00:00:00
638,972732.0,2024-09-30 00:00:00
638,979468.0,2024-10-31 00:00:00
639,1235422.0,2024-08-31 00:00:00
639,1231892.0,2024-09-30 00:00:00
639,1215057.0,2024-10-31 00:00:00
641,724261.0,2024-08-31 00:00:00
641,731973.0,2024-09-30 00:00:00
641,694188.0,2024-10-31 00:00:00
642,645218.0,2024-08-31 00:00:00
642,617063.0,2024-09-30 00:00:00
642,625461.0,2024-10-31 00:00:00
643,1003965.0,2024-08-31 00:00:00
643,1030679.0,2024-09-30 00:00:00
643,1035542.0,2024-10-31 00:00:00
644,685638.0,2024-08-31 00:00:00
644,711327.0,2024-09-30 00:00:00
644,671476.0,2024-10-31 00:00:00
645,991435.0,2024-08-31 00:00:00
645,978378.0,2024-09-30 00:00:00
645,953685.0,2024-10-31 00:00:00
646,609263.0,2024-08-31 00:00:00
646,615211.0,2024-09-30 00:00:00
646,591277.0,2024-10-31 00:00:00
647,1249190.0,2024-08-31 00:00:00
647,1245205.0,2024-09-30 00:00:00
647,1220950.0,2024-10-31 00:00:00
648,634061.0,2024-08-31 00:00:00
648,639169.0,2024-09-30 00:00:00
648,632193.0,2024-10-31 00:00:00
649,794595.0,2024-08-31 00:00:00
649,768330.0,2024-09-30 00:00:00
649,751364.0,2024-10-31 00:00:00
651,1329283.0,2024-08-31 00:00:00
651,1285465.0,2024-09-30 00:00:00
651,1276100.0,2024-10-31 00:00:00
652,819107.0,2024-08-31 00:00:00
652,800924.0,2024-09-30 00:00:00
652,808159.0,2024-10-31 00:00:00
653,829833.0,2024-08-31 00:00:00
653,724671.0,2024-09-30 00:00:00
653,722821.0,2024-10-31 00:00:00
654,1601389.0,2024-08-31 00:00:00
654,1599226.0,2024-09-30 00:00:00
654,1627257.0,2024-10-31 00:00:00
655,923219.0,2024-08-31 00:00:00
655,929859.0,2024-09-30 00:00:00
655,935520.0,2024-10-31 00:00:00
656,593052.0,2024-08-31 00:00:00
656,585242.0,2024-09-30 00:00:00
656,562895.0,2024-10-31 00:00:00
657,1421900.0,2024-08-31 00:00:00
657,1402036.0,2024-09-30 00:00:00
657,1410062.0,2024-10-31 00:00:00
658,646269.0,2024-08-31 00:00:00
658,659576.0,2024-09-30 00:00:00
658,646751.0,2024-10-31 00:00:00
659,729989.0,2024-08-31 00:00:00
659,716392.0,2024-09-30 00:00:00
659,751621.0,2024-10-31 00:00:00
661,827300.0,2024-08-31 00:00:00
661,798862.0,2024-09-30 00:00:00
661,779486.0,2024-10-31 00:00:00
662,1746943.0,2024-08-31 00:00:00
662,1824076.0,2024-09-30 00:00:00
662,1677150.0,2024-10-31 00:00:00
663,514999.0,2024-08-31 00:00:00
663,515051.0,2024-09-30 00:00:00
663,474558.0,2024-10-31 00:00:00
664,906349.0,2024-08-31 00:00:00
664,927225.0,2024-09-30 00:00:00
664,939510.0,2024-10-31 00:00:00
665,1350789.0,2024-08-31 00:00:00
665,1367892.0,2024-09-30 00:00:00
665,1397640.0,2024-10-31 00:00:00
666,1087487.0,2024-08-31 00:00:00
666,1008950.0,2024-09-30 00:00:00
666,979949.0,2024-10-31 00:00:00
667,1140836.0,2024-08-31 00:00:00
667,1085282.0,2024-09-30 00:00:00
667,1099241.0,2024-10-31 00:00:00
668,1040457.0,2024-08-31 00:00:00
668,1023808.0,2024-09-30 00:00:00
668,1063158.0,2024-10-31 00:00:00
669,1522030.0,2024-08-31 00:00:00
669,1429818.0,2024-09-30 00:00:00
669,1616706.0,2024-10-31 00:00:00
671,1179436.0,2024-08-31 00:00:00
671,1164213.0,2024-09-30 00:00:00
671,1174691.0,2024-10-31 00:00:00
672,1344183.0,2024-08-31 00:00:00
672,1415947.0,2024-09-30 00:00:00
672,1412610.0,2024-10-31 00:00:00
673,611429.0,2024-08-31 00:00:00
673,663388.0,2024-09-30 00:00:00
673,637651.0,2024-10-31 00:00:00
674,1067914.0,2024-08-31 00:00:00
674,1032567.0,2024-09-30 00:00:00
674,1107298.0,2024-10-31 00:00:00
675,833439.0,2024-08-31 00:00:00
675,882897.0,2024-09-30 00:00:00
675,887536.0,2024-10-31 00:00:00
676,1302820.0,2024-08-31 00:00:00
676,1319775.0,2024-09-30 00:00:00
676,1377820.0,2024-10-31 00:00:00
677,584919.0,2024-08-31 00:00:00
677,586841.0,2024-09-30 00:00:00
677,570453.0,2024-10-31 00:00:00
678,1040793.0,2024-08-31 00:00:00
678,1061689.0,2024-09-30 00:00:00
678,1050157.0,2024-10-31 00:00:00
679,827217.0,2024-08-31 00:00:00
679,818664.0,2024-09-30 00:00:00
679,788802.0,2024-10-31 00:00:00
681,977228.0,2024-08-31 00:00:00
681,982239.0,2024-09-30 00:00:00
681,988132.0,2024-10-31 00:00:00
682,1002164.0,2024-08-31 00:00:00
682,1024146.0,2024-09-30 00:00:00
682,1020303.0,2024-10-31 00:00:00
683,432338.0,2024-08-31 00:00:00
683,420837.0,2024-09-30 00:00:00
683,418684.0,2024-10-31 00:00:00
684,464685.0,2024-08-31 00:00:00
684,470079.0,2024-09-30 00:00:00
684,437378.0,2024-10-31 00:00:00
685,1015370.0,2024-08-31 00:00:00
685,1023308.0,2024-09-30 00:00:00
685,1028946.0,2024-10-31 00:00:00
686,1372088.0,2024-08-31 00:00:00
686,1296649.0,2024-09-30 00:00:00
686,1328036.0,2024-10-31 00:00:00
687,1433647.0,2024-08-31 00:00:00
687,1464749.0,2024-09-30 00:00:00
687,1440921.0,2024-10-31 00:00:00
688,606202.0,2024-08-31 00:00:00
688,561721.0,2024-09-30 00:00:00
688,570861.0,2024-10-31 00:00:00
689,1183428.0,2024-08-31 00:00:00
689,1169257.0,2024-09-30 00:00:00
689,1172417.0,2024-10-31 00:00:00
691,914676.0,2024-08-31 00:00:00
691,940613.0,2024-09-30 00:00:00
691,918893.0,2024-10-31 00:00:00
692,1142394.0,2024-08-31 00:00:00
692,1024079.0,2024-09-30 00:00:00
692,1091698.0,2024-10-31 00:00:00
693,551531.0,2024-08-31 00:00:00
693,518562.0,2024-09-30 00:00:00
693,559201.0,2024-10-31 00:00:00
694,1256904.0,2024-08-31 00:00:00
694,1276275.0,2024-09-30 00:00:00
694,1294920.0,2024-10-31 00:00:00
695,792047.0,2024-08-31 00:00:00
695,788147.0,2024-09-30 00:00:00
695,750061.0,2024-10-31 00:00:00
696,1450584.0,2024-08-31 00:00:00
696,1488414.0,2024-09-30 00:00:00
696,1515440.0,2024-10-31 00:00:00
697,994374.0,2024-08-31 00:00:00
697,1000538.0,2024-09-30 00:00:00
697,1032698.0,2024-10-31 00:00:00
698,516439.0,2024-08-31 00:00:00
698,524595.0,2024-09-30 00:00:00
698,519219.0,2024-10-31 00:00:00
699,792701.0,2024-08-31 00:00:00
699,827619.0,2024-09-30 00:00:00
699,823038.0,2024-10-31 00:00:00
701,774923.0,2024-08-31 00:00:00
701,772351.0,2024-09-30 00:00:00
701,751510.0,2024-10-31 00:00:00
702,1028850.0,2024-08-31 00:00:00
702,1021716.0,2024-09-30 00:00:00
702,1025480.0,2024-10-31 00:00:00
703,1225144.0,2024-08-31 00:00:00
703,1240649.0,2024-09-30 00:00:00
703,1223523.0,2024-10-31 00:00:00
704,1088562.0,2024-08-31 00:00:00
704,1124832.0,2024-09-30 00:00:00
704,1134661.0,2024-10-31 00:00:00
705,801450.0,2024-08-31 00:00:00
705,737012.0,2024-09-30 00:00:00
705,865118.0,2024-10-31 00:00:00
706,894286.0,2024-08-31 00:00:00
706,895257.0,2024-09-30 00:00:00
706,862591.0,2024-10-31 00:00:00
707,1202624.0,2024-08-31 00:00:00
707,1225489.0,2024-09-30 00:00:00
707,1181641.0,2024-10-31 00:00:00
708,1414053.0,2024-08-31 00:00:00
708,1413427.0,2024-09-30 00:00:00
708,1489754.0,2024-10-31 00:00:00
709,486614.0,2024-08-31 00:00:00
709,536587.0,2024-09-30 00:00:00
709,513707.0,2024-10-31 00:00:00
711,708985.0,2024-08-31 00:00:00
711,692217.0,2024-09-30 00:00:00
711,705126.0,2024-10-31 00:00:00
712,725023.0,2024-08-31 00:00:00
712,710616.0,2024-09-30 00:00:00
712,709510.0,2024-10-31 00:00:00
713,1440109.0,2024-08-31 00:00:00
713,1499144.0,2024-09-30 00:00:00
713,1526472.0,2024-10-31 00:00:00
714,960356.0,2024-08-31 00:00:00
714,969182.0,2024-09-30 00:00:00
714,921914.0,2024-10-31 00:00:00
715,895790.0,2024-08-31 00:00:00
715,895028.0,2024-09-30 00:00:00
715,891026.0,2024-10-31 00:00:00
716,1312102.0,2024-08-31 00:00:00
716,1307088.0,2024-09-30 00:00:00
716,1293105.0,2024-10-31 00:00:00
717,785806.0,2024-08-31 00:00:00
717,783657.0,2024-09-30 00:00:00
717,702338.0,2024-10-31 00:00:00
718,926996.0,2024-08-31 00:00:00
718,916061.0,2024-09-30 00:00:00
718,925977.0,2024-10-31 00:00:00
719,1291375.0,2024-08-31 00:00:00
719,1251793.0,2024-09-30 00:00:00
719,1286891.0,2024-10-31 00:00:00
721,1582988.0,2024-08-31 00:00:00
721,1534891.0,2024-09-30 00:00:00
721,1486123.0,2024-10-31 00:00:00
722,1266608.0,2024-08-31 00:00:00
722,1246443.0,2024-09-30 00:00:00
722,1217634.0,2024-10-31 00:00:00
723,950570.0,2024-08-31 00:00:00
723,976910.0,2024-09-30 00:00:00
723,958789.0,2024-10-31 00:00:00
724,821375.0,2024-08-31 00:00:00
724,792542.0,2024-09-30 00:00:00
724,776674.0,2024-10-31 00:00:00
725,1004429.0,2024-08-31 00:00:00
725,988125.0,2024-09-30 00:00:00
725,974334.0,2024-10-31 00:00:00
726,1181756.0,2024-08-31 00:00:00
726,1100989.0,2024-09-30 00:00:00
726,1159442.0,2024-10-31 00:00:00
727,1145104.0,2024-08-31 00:00:00
727,980622.0,2024-09-30 00:00:00
727,1112575.0,2024-10-31 00:00:00
728,1043746.0,2024-08-31 00:00:00
728,1062754.0,2024-09-30 00:00:00
728,1087259.0,2024-10-31 00:00:00
729,771254.0,2024-08-31 00:00:00
729,758243.0,2024-09-30 00:00:00
729,732105.0,2024-10-31 00:00:00
731,916290.0,2024-08-31 00:00:00
731,892000.0,2024-09-30 00:00:00
731,869993.0,2024-10-31 00:00:00
732,623294.0,2024-08-31 00:00:00
732,673703.0,2024-09-30 00:00:00
732,691600.0,2024-10-31 00:00:00
733,1090262.0,2024-08-31 00:00:00
733,943194.0,2024-09-30 00:00:00
733,976104.0,2024-10-31 00:00:00
734,1301420.0,2024-08-31 00:00:00
734,1544434.0,2024-09-30 00:00:00
734,1392905.0,2024-10-31 00:00:00
735,1428642.0,2024-08-31 00:00:00
735,1422360.0,2024-09-30 00:00:00
735,1429714.0,2024-10-31 00:00:00
736,1314381.0,2024-08-31 00:00:00
736,1410710.0,2024-09-30 00:00:00
736,1306543.0,2024-10-31 00:00:00
737,651095.0,2024-08-31 00:00:00
737,648155.0,2024-09-30 00:00:00
737,602076.0,2024-10-31 00:00:00
738,1194189.0,2024-08-31 00:00:00
738,1213596.0,2024-09-30 00:00:00
738,1249378.0,2024-10-31 00:00:00
739,487611.0,2024-08-31 00:00:00
739,492227.0,2024-09-30 00:00:00
739,469034.0,2024-10-31 00:00:00
741,1071097.0,2024-08-31 00:00:00
741,1101817.0,2024-09-30 00:00:00
741,1131501.0,2024-10-31 00:00:00
742,597722.0,2024-08-31 00:00:00
742,551398.0,2024-09-30 00:00:00
742,569048.0,2024-10-31 00:00:00
743,1599845.0,2024-08-31 00:00:00
743,1637597.0,2024-09-30 00:00:00
743,1611005.0,2024-10-31 00:00:00
744,703891.0,2024-08-31 00:00:00
744,686718.0,2024-09-30 00:00:00
744,706386.0,2024-10-31 00:00:00
745,899459.0,2024-08-31 00:00:00
745,889429.0,2024-09-30 00:00:00
745,850379.0,2024-10-31 00:00:00
746,716497.0,2024-08-31 00:00:00
746,731368.0,2024-09-30 00:00:00
746,719528.0,2024-10-31 00:00:00
747,732844.0,2024-08-31 00:00:00
747,760562.0,2024-09-30 00:00:00
747,735901.0,2024-10-31 00:00:00
748,983315.0,2024-08-31 00:00:00
748,956284.0,2024-09-30 00:00:00
748,938378.0,2024-10-31 00:00:00
749,734121.0,2024-08-31 00:00:00
749,703125.0,2024-09-30 00:00:00
749,730385.0,2024-10-31 00:00:00
751,1318698.0,2024-08-31 00:00:00
751,1394294.0,2024-09-30 00:00:00
751,1440832.0,2024-10-31 00:00:00
752,1158513.0,2024-08-31 00:00:00
752,1148162.0,2024-09-30 00:00:00
752,1163830.0,2024-10-31 00:00:00
753,770227.0,2024-08-31 00:00:00
753,793450.0,2024-09-30 00:00:00
753,764377.0,2024-10-31 00:00:00
754,863305.0,2024-08-31 00:00:00
754,880458.0,2024-09-30 00:00:00
754,853511.0,2024-10-31 00:00:00
755,1163487.0,2024-08-31 00:00:00
755,1136463.0,2024-09-30 00:00:00
755,1169669.0,2024-10-31 00:00:00
756,871301.0,2024-08-31 00:00:00
756,850222.0,2024-09-30 00:00:00
756,873382.0,2024-10-31 00:00:00
757,1125417.0,2024-08-31 00:00:00
757,1107755.0,2024-09-30 00:00:00
757,1073101.0,2024-10-31 00:00:00
758,913719.0,2024-08-31 00:00:00
758,893940.0,2024-09-30 00:00:00
758,919651.0,2024-10-31 00:00:00
759,949289.0,2024-08-31 00:00:00
759,920404.0,2024-09-30 00:00:00
759,949395.0,2024-10-31 00:00:00
761,837642.0,2024-08-31 00:00:00
761,851181.0,2024-09-30 00:00:00
761,879756.0,2024-10-31 00:00:00
762,941025.0,2024-08-31 00:00:00
762,1081050.0,2024-09-30 00:00:00
762,1090402.0,2024-10-31 00:00:00
763,423344.0,2024-08-31 00:00:00
763,423318.0,2024-09-30 00:00:00
763,424962.0,2024-10-31 00:00:00
764,1306809.0,2024-08-31 00:00:00
764,1378786.0,2024-09-30 00:00:00
764,1396246.0,2024-10-31 00:00:00
765,1790610.0,2024-08-31 00:00:00
765,1749397.0,2024-09-30 00:00:00
765,1750216.0,2024-10-31 00:00:00
766,1067897.0,2024-08-31 00:00:00
766,1055890.0,2024-09-30 00:00:00
766,1119745.0,2024-10-31 00:00:00
768,693412.0,2024-08-31 00:00:00
768,646196.0,2024-09-30 00:00:00
768,715938.0,2024-10-31 00:00:00
769,1158128.0,2024-08-31 00:00:00
769,1122529.0,2024-09-30 00:00:00
769,1131456.0,2024-10-31 00:00:00
771,799493.0,2024-08-31 00:00:00
771,824678.0,2024-09-30 00:00:00
771,855761.0,2024-10-31 00:00:00
772,1204217.0,2024-08-31 00:00:00
772,1171579.0,2024-09-30 00:00:00
772,1170201.0,2024-10-31 00:00:00
773,1357784.0,2024-08-31 00:00:00
773,1399406.0,2024-09-30 00:00:00
773,1370338.0,2024-10-31 00:00:00
774,1278383.0,2024-08-31 00:00:00
774,1291832.0,2024-09-30 00:00:00
774,1252623.0,2024-10-31 00:00:00
775,678747.0,2024-08-31 00:00:00
775,710595.0,2024-09-30 00:00:00
775,665150.0,2024-10-31 00:00:00
776,1088003.0,2024-08-31 00:00:00
776,1133827.0,2024-09-30 00:00:00
776,1066222.0,2024-10-31 00:00:00
777,1118051.0,2024-08-31 00:00:00
777,1090728.0,2024-09-30 00:00:00
777,1143655.0,2024-10-31 00:00:00
778,1171056.0,2024-08-31 00:00:00
778,1188828.0,2024-09-30 00:00:00
778,1236249.0,2024-10-31 00:00:00
779,1034402.0,2024-08-31 00:00:00
779,1054002.0,2024-09-30 00:00:00
779,1026322.0,2024-10-31 00:00:00
781,683888.0,2024-08-31 00:00:00
781,706861.0,2024-09-30 00:00:00
781,705578.0,2024-10-31 00:00:00
782,620267.0,2024-08-31 00:00:00
782,629864.0,2024-09-30 00:00:00
782,646328.0,2024-10-31 00:00:00
783,934694.0,2024-08-31 00:00:00
783,934243.0,2024-09-30 00:00:00
783,908695.0,2024-10-31 00:00:00
784,649929.0,2024-08-31 00:00:00
784,647591.0,2024-09-30 00:00:00
784,611796.0,2024-10-31 00:00:00
785,1141576.0,2024-08-31 00:00:00
785,1121073.0,2024-09-30 00:00:00
785,1120308.0,2024-10-31 00:00:00
786,759837.0,2024-08-31 00:00:00
786,815498.0,2024-09-30 00:00:00
786,797099.0,2024-10-31 00:00:00
787,781400.0,2024-08-31 00:00:00
787,855752.0,2024-09-30 00:00:00
787,829803.0,2024-10-31 00:00:00
788,675322.0,2024-08-31 00:00:00
788,663827.0,2024-09-30 00:00:00
788,671606.0,2024-10-31 00:00:00
789,866699.0,2024-08-31 00:00:00
789,876772.0,2024-09-30 00:00:00
789,847148.0,2024-10-31 00:00:00
791,786594.0,2024-08-31 00:00:00
791,779680.0,2024-09-30 00:00:00
791,843233.0,2024-10-31 00:00:00
792,793749.0,2024-08-31 00:00:00
792,800797.0,2024-09-30 00:00:00
792,775006.0,2024-10-31 00:00:00
793,670914.0,2024-08-31 00:00:00
793,696803.0,2024-09-30 00:00:00
793,715605.0,2024-10-31 00:00:00
794,665962.0,2024-08-31 00:00:00
794,667293.0,2024-09-30 00:00:00
794,691355.0,2024-10-31 00:00:00
795,834767.0,2024-08-31 00:00:00
795,836285.0,2024-09-30 00:00:00
795,848883.0,2024-10-31 00:00:00
796,922450.0,2024-08-31 00:00:00
796,898266.0,2024-09-30 00:00:00
796,844399.0,2024-10-31 00:00:00
797,511268.0,2024-08-31 00:00:00
797,494587.0,2024-09-30 00:00:00
797,485653.0,2024-10-31 00:00:00
798,825030.0,2024-08-31 00:00:00
798,812014.0,2024-09-30 00:00:00
798,849990.0,2024-10-31 00:00:00
799,1348375.0,2024-08-31 00:00:00
799,1362176.0,2024-09-30 00:00:00
799,1233501.0,2024-10-31 00:00:00
801,624516.0,2024-08-31 00:00:00
801,627861.0,2024-09-30 00:00:00
801,625104.0,2024-10-31 00:00:00
802,816028.0,2024-08-31 00:00:00
802,847895.0,2024-09-30 00:00:00
802,805736.0,2024-10-31 00:00:00
803,588159.0,2024-08-31 00:00:00
803,568344.0,2024-09-30 00:00:00
803,538095.0,2024-10-31 00:00:00
804,769830.0,2024-08-31 00:00:00
804,759713.0,2024-09-30 00:00:00
804,787602.0,2024-10-31 00:00:00
805,849115.0,2024-08-31 00:00:00
805,883308.0,2024-09-30 00:00:00
805,904004.0,2024-10-31 00:00:00
806,1016706.0,2024-08-31 00:00:00
806,1020879.0,2024-09-30 00:00:00
806,1015156.0,2024-10-31 00:00:00
807,1168483.0,2024-08-31 00:00:00
807,1166296.0,2024-09-30 00:00:00
807,1194880.0,2024-10-31 00:00:00
808,732514.0,2024-08-31 00:00:00
808,728263.0,2024-09-30 00:00:00
808,664336.0,2024-10-31 00:00:00
809,851220.0,2024-08-31 00:00:00
809,843997.0,2024-09-30 00:00:00
809,797136.0,2024-10-31 00:00:00
811,713261.0,2024-08-31 00:00:00
811,691778.0,2024-09-30 00:00:00
811,722291.0,2024-10-31 00:00:00
812,605102.0,2024-08-31 00:00:00
812,581899.0,2024-09-30 00:00:00
812,619368.0,2024-10-31 00:00:00
813,1049862.0,2024-08-31 00:00:00
813,1071726.0,2024-09-30 00:00:00
813,1062271.0,2024-10-31 00:00:00
814,1682739.0,2024-08-31 00:00:00
814,1662049.0,2024-09-30 00:00:00
814,1443746.0,2024-10-31 00:00:00
815,620646.0,2024-08-31 00:00:00
815,599759.0,2024-09-30 00:00:00
815,595871.0,2024-10-31 00:00:00
816,602028.0,2024-08-31 00:00:00
816,587919.0,2024-09-30 00:00:00
816,536343.0,2024-10-31 00:00:00
817,910574.0,2024-08-31 00:00:00
817,848533.0,2024-09-30 00:00:00
817,896018.0,2024-10-31 00:00:00
818,230791.0,2024-08-31 00:00:00
818,282848.0,2024-09-30 00:00:00
818,262621.0,2024-10-31 00:00:00
819,837010.0,2024-08-31 00:00:00
819,783722.0,2024-09-30 00:00:00
819,726957.0,2024-10-31 00:00:00
821,768781.0,2024-08-31 00:00:00
821,780736.0,2024-09-30 00:00:00
821,727678.0,2024-10-31 00:00:00
822,790880.0,2024-08-31 00:00:00
822,690828.0,2024-09-30 00:00:00
822,729470.0,2024-10-31 00:00:00
823,758925.0,2024-08-31 00:00:00
823,826991.0,2024-09-30 00:00:00
823,800286.0,2024-10-31 00:00:00
824,609522.0,2024-08-31 00:00:00
824,610259.0,2024-09-30 00:00:00
824,661640.0,2024-10-31 00:00:00
825,535529.0,2024-08-31 00:00:00
825,521665.0,2024-09-30 00:00:00
825,523997.0,2024-10-31 00:00:00
826,615134.0,2024-08-31 00:00:00
826,668090.0,2024-09-30 00:00:00
826,623653.0,2024-10-31 00:00:00
827,1706395.0,2024-08-31 00:00:00
827,1606071.0,2024-09-30 00:00:00
827,1664771.0,2024-10-31 00:00:00
828,559481.0,2024-08-31 00:00:00
828,589486.0,2024-09-30 00:00:00
828,564272.0,2024-10-31 00:00:00
829,553818.0,2024-08-31 00:00:00
829,501116.0,2024-09-30 00:00:00
829,496310.0,2024-10-31 00:00:00
831,594509.0,2024-08-31 00:00:00
831,691565.0,2024-09-30 00:00:00
831,620965.0,2024-10-31 00:00:00
832,587885.0,2024-08-31 00:00:00
832,629557.0,2024-09-30 00:00:00
832,566884.0,2024-10-31 00:00:00
833,615237.0,2024-08-31 00:00:00
833,638541.0,2024-09-30 00:00:00
833,576946.0,2024-10-31 00:00:00
834,646515.0,2024-08-31 00:00:00
834,645408.0,2024-09-30 00:00:00
834,677460.0,2024-10-31 00:00:00
835,645211.0,2024-08-31 00:00:00
835,625359.0,2024-09-30 00:00:00
835,671242.0,2024-10-31 00:00:00
836,780607.0,2024-08-31 00:00:00
836,833412.0,2024-09-30 00:00:00
836,834596.0,2024-10-31 00:00:00
837,620571.0,2024-08-31 00:00:00
837,527119.0,2024-09-30 00:00:00
837,624423.0,2024-10-31 00:00:00
838,884197.0,2024-08-31 00:00:00
838,859774.0,2024-09-30 00:00:00
838,870564.0,2024-10-31 00:00:00
839,964072.0,2024-08-31 00:00:00
839,881945.0,2024-09-30 00:00:00
839,857462.0,2024-10-31 00:00:00
841,1257270.0,2024-08-31 00:00:00
841,1048268.0,2024-09-30 00:00:00
841,1036335.0,2024-10-31 00:00:00
842,561151.0,2024-08-31 00:00:00
842,554973.0,2024-09-30 00:00:00
842,539228.0,2024-10-31 00:00:00
843,590615.0,2024-08-31 00:00:00
843,550139.0,2024-09-30 00:00:00
843,566362.0,2024-10-31 00:00:00
844,750962.0,2024-08-31 00:00:00
844,721032.0,2024-09-30 00:00:00
844,711920.0,2024-10-31 00:00:00
845,653252.0,2024-08-31 00:00:00
845,680699.0,2024-09-30 00:00:00
845,645504.0,2024-10-31 00:00:00
846,621819.0,2024-08-31 00:00:00
846,532348.0,2024-09-30 00:00:00
846,568416.0,2024-10-31 00:00:00
847,420520.0,2024-08-31 00:00:00
847,363454.0,2024-09-30 00:00:00
847,298137.0,2024-10-31 00:00:00
848,773707.0,2024-08-31 00:00:00
848,692244.0,2024-09-30 00:00:00
848,703507.0,2024-10-31 00:00:00
849,601752.0,2024-08-31 00:00:00
849,632155.0,2024-09-30 00:00:00
849,581205.0,2024-10-31 00:00:00
851,647366.0,2024-08-31 00:00:00
851,574070.0,2024-09-30 00:00:00
851,570152.0,2024-10-31 00:00:00
852,396994.0,2024-08-31 00:00:00
852,347453.0,2024-09-30 00:00:00
852,363186.0,2024-10-31 00:00:00
853,944933.0,2024-08-31 00:00:00
853,920222.0,2024-09-30 00:00:00
853,892246.0,2024-10-31 00:00:00
854,702002.0,2024-08-31 00:00:00
854,638916.0,2024-09-30 00:00:00
854,654263.0,2024-10-31 00:00:00
855,590121.0,2024-08-31 00:00:00
855,615900.0,2024-09-30 00:00:00
855,594875.0,2024-10-31 00:00:00
856,806860.0,2024-08-31 00:00:00
856,764052.0,2024-09-30 00:00:00
856,772371.0,2024-10-31 00:00:00
857,898644.0,2024-08-31 00:00:00
857,1002662.0,2024-09-30 00:00:00
857,939142.0,2024-10-31 00:00:00
858,384758.0,2024-08-31 00:00:00
858,388793.0,2024-09-30 00:00:00
858,422546.0,2024-10-31 00:00:00
859,236875.0,2024-08-31 00:00:00
859,253791.0,2024-09-30 00:00:00
859,275293.0,2024-10-31 00:00:00
861,304701.0,2024-08-31 00:00:00
861,241538.0,2024-09-30 00:00:00
861,283419.0,2024-10-31 00:00:00
862,478502.0,2024-08-31 00:00:00
862,483686.0,2024-09-30 00:00:00
862,475223.0,2024-10-31 00:00:00
863,631101.0,2024-08-31 00:00:00
863,629270.0,2024-09-30 00:00:00
863,637576.0,2024-10-31 00:00:00
865,304672.0,2024-08-31 00:00:00
865,257152.0,2024-09-30 00:00:00
865,309643.0,2024-10-31 00:00:00
866,441588.0,2024-08-31 00:00:00
866,420122.0,2024-09-30 00:00:00
866,409405.0,2024-10-31 00:00:00
867,318734.0,2024-08-31 00:00:00
867,301443.0,2024-09-30 00:00:00
867,374833.0,2024-10-31 00:00:00
868,423034.0,2024-08-31 00:00:00
868,420353.0,2024-09-30 00:00:00
868,507804.0,2024-10-31 00:00:00
871,737061.0,2024-08-31 00:00:00
871,626187.0,2024-09-30 00:00:00
871,735483.0,2024-10-31 00:00:00
872,412070.0,2024-08-31 00:00:00
872,333869.0,2024-09-30 00:00:00
872,373969.0,2024-10-31 00:00:00
873,240220.0,2024-08-31 00:00:00
873,240080.0,2024-09-30 00:00:00
873,268874.0,2024-10-31 00:00:00
874,572615.0,2024-08-31 00:00:00
874,578300.0,2024-09-30 00:00:00
874,598023.0,2024-10-31 00:00:00
875,960125.0,2024-08-31 00:00:00
875,1001260.0,2024-09-30 00:00:00
875,966491.0,2024-10-31 00:00:00
876,802621.0,2024-08-31 00:00:00
876,760415.0,2024-09-30 00:00:00
876,729602.0,2024-10-31 00:00:00
877,1268758.0,2024-08-31 00:00:00
877,1222050.0,2024-09-30 00:00:00
877,1228261.0,2024-10-31 00:00:00
878,914098.0,2024-08-31 00:00:00
878,917916.0,2024-09-30 00:00:00
878,932316.0,2024-10-31 00:00:00
879,854708.0,2024-08-31 00:00:00
879,910847.0,2024-09-30 00:00:00
879,976976.0,2024-10-31 00:00:00
881,814069.0,2024-08-31 00:00:00
881,825921.0,2024-09-30 00:00:00
881,830162.0,2024-10-31 00:00:00
882,1258449.0,2024-08-31 00:00:00
882,1258695.0,2024-09-30 00:00:00
882,1250211.0,2024-10-31 00:00:00
883,1097448.0,2024-08-31 00:00:00
883,1087089.0,2024-09-30 00:00:00
883,1081843.0,2024-10-31 00:00:00
884,1075234.0,2024-08-31 00:00:00
884,1128548.0,2024-09-30 00:00:00
884,1075903.0,2024-10-31 00:00:00
885,1134817.0,2024-08-31 00:00:00
885,1166386.0,2024-09-30 00:00:00
885,1147530.0,2024-10-31 00:00:00
886,1092852.0,2024-08-31 00:00:00
886,1114968.0,2024-09-30 00:00:00
886,1105081.0,2024-10-31 00:00:00
887,668181.0,2024-08-31 00:00:00
887,639598.0,2024-09-30 00:00:00
887,672945.0,2024-10-31 00:00:00
888,1517006.0,2024-08-31 00:00:00
888,1511873.0,2024-09-30 00:00:00
888,1494475.0,2024-10-31 00:00:00
889,943737.0,2024-08-31 00:00:00
889,956231.0,2024-09-30 00:00:00
889,932801.0,2024-10-31 00:00:00
891,1245726.0,2024-08-31 00:00:00
891,1273981.0,2024-09-30 00:00:00
891,1203570.0,2024-10-31 00:00:00
892,1322832.0,2024-08-31 00:00:00
892,1352054.0,2024-09-30 00:00:00
892,1358308.0,2024-10-31 00:00:00
893,711329.0,2024-08-31 00:00:00
893,743369.0,2024-09-30 00:00:00
893,729710.0,2024-10-31 00:00:00
894,1385541.0,2024-08-31 00:00:00
894,1423274.0,2024-09-30 00:00:00
894,1444361.0,2024-10-31 00:00:00
895,1228060.0,2024-08-31 00:00:00
895,1107993.0,2024-09-30 00:00:00
895,1119940.0,2024-10-31 00:00:00
896,1075839.0,2024-08-31 00:00:00
896,1098775.0,2024-09-30 00:00:00
896,1129458.0,2024-10-31 00:00:00
897,1169136.0,2024-08-31 00:00:00
897,1205397.0,2024-09-30 00:00:00
897,1172679.0,2024-10-31 00:00:00
898,780173.0,2024-08-31 00:00:00
898,794034.0,2024-09-30 00:00:00
898,764218.0,2024-10-31 00:00:00
899,1134293.0,2024-08-31 00:00:00
899,1086240.0,2024-09-30 00:00:00
899,1206688.0,2024-10-31 00:00:00
901,1487376.0,2024-08-31 00:00:00
901,1478969.0,2024-09-30 00:00:00
901,1510553.0,2024-10-31 00:00:00
902,837838.0,2024-08-31 00:00:00
902,846754.0,2024-09-30 00:00:00
902,825315.0,2024-10-31 00:00:00
903,722129.0,2024-08-31 00:00:00
903,700325.0,2024-09-30 00:00:00
903,703158.0,2024-10-31 00:00:00
904,1220144.0,2024-08-31 00:00:00
904,1205438.0,2024-09-30 00:00:00
904,1214856.0,2024-10-31 00:00:00
905,1460188.0,2024-08-31 00:00:00
905,1463827.0,2024-09-30 00:00:00
905,1516792.0,2024-10-31 00:00:00
906,2502220.0,2024-08-31 00:00:00
906,2507541.0,2024-09-30 00:00:00
906,2442504.0,2024-10-31 00:00:00
907,1825559.0,2024-08-31 00:00:00
907,1807084.0,2024-09-30 00:00:00
907,1819356.0,2024-10-31 00:00:00
908,1143674.0,2024-08-31 00:00:00
908,1129872.0,2024-09-30 00:00:00
908,1137827.0,2024-10-31 00:00:00
909,740434.0,2024-08-31 00:00:00
909,697639.0,2024-09-30 00:00:00
909,720923.0,2024-10-31 00:00:00
911,711444.0,2024-08-31 00:00:00
911,749801.0,2024-09-30 00:00:00
911,720437.0,2024-10-31 00:00:00
912,1127169.0,2024-08-31 00:00:00
912,1240950.0,2024-09-30 00:00:00
912,1091389.0,2024-10-31 00:00:00
913,1730784.0,2024-08-31 00:00:00
913,1765692.0,2024-09-30 00:00:00
913,1798793.0,2024-10-31 00:00:00
914,1372822.0,2024-08-31 00:00:00
914,1306345.0,2024-09-30 00:00:00
914,1303178.0,2024-10-31 00:00:00
915,1274333.0,2024-08-31 00:00:00
915,1312777.0,2024-09-30 00:00:00
915,1322926.0,2024-10-31 00:00:00
916,1651417.0,2024-08-31 00:00:00
916,2721689.0,2024-09-30 00:00:00
916,2715134.0,2024-10-31 00:00:00
917,1214086.0,2024-08-31 00:00:00
917,1216924.0,2024-09-30 00:00:00
917,1195972.0,2024-10-31 00:00:00
918,1344508.0,2024-08-31 00:00:00
918,1421956.0,2024-09-30 00:00:00
918,1508449.0,2024-10-31 00:00:00
919,1787077.0,2024-08-31 00:00:00
919,1778869.0,2024-09-30 00:00:00
919,1803576.0,2024-10-31 00:00:00
921,1012258.0,2024-08-31 00:00:00
921,991613.0,2024-09-30 00:00:00
921,938418.0,2024-10-31 00:00:00
922,1314127.0,2024-08-31 00:00:00
922,1274283.0,2024-09-30 00:00:00
922,1321734.0,2024-10-31 00:00:00
923,1525063.0,2024-08-31 00:00:00
923,1592680.0,2024-09-30 00:00:00
923,1598850.0,2024-10-31 00:00:00
924,1684905.0,2024-08-31 00:00:00
924,1733739.0,2024-09-30 00:00:00
924,1786612.0,2024-10-31 00:00:00
925,1163058.0,2024-08-31 00:00:00
925,1131166.0,2024-09-30 00:00:00
925,1140825.0,2024-10-31 00:00:00
926,1229511.0,2024-08-31 00:00:00
926,1237034.0,2024-09-30 00:00:00
926,1121967.0,2024-10-31 00:00:00
927,2878877.0,2024-08-31 00:00:00
927,3060409.0,2024-09-30 00:00:00
927,3068455.0,2024-10-31 00:00:00
928,963335.0,2024-08-31 00:00:00
928,972308.0,2024-09-30 00:00:00
928,1015855.0,2024-10-31 00:00:00
929,1213652.0,2024-08-31 00:00:00
929,1216145.0,2024-09-30 00:00:00
929,1177236.0,2024-10-31 00:00:00
931,1532559.0,2024-08-31 00:00:00
931,1554966.0,2024-09-30 00:00:00
931,1545113.0,2024-10-31 00:00:00
932,1082669.0,2024-08-31 00:00:00
932,1089796.0,2024-09-30 00:00:00
932,1105490.0,2024-10-31 00:00:00
933,1343143.0,2024-08-31 00:00:00
933,1415533.0,2024-09-30 00:00:00
933,1469662.0,2024-10-31 00:00:00
934,1198037.0,2024-08-31 00:00:00
934,1152902.0,2024-09-30 00:00:00
934,1208979.0,2024-10-31 00:00:00
935,1374650.0,2024-08-31 00:00:00
935,1377975.0,2024-09-30 00:00:00
935,1435640.0,2024-10-31 00:00:00
936,1073979.0,2024-08-31 00:00:00
936,1109431.0,2024-09-30 00:00:00
936,1086124.0,2024-10-31 00:00:00
937,1083098.0,2024-08-31 00:00:00
937,1077959.0,2024-09-30 00:00:00
937,1139384.0,2024-10-31 00:00:00
938,1144474.0,2024-08-31 00:00:00
938,1158605.0,2024-09-30 00:00:00
938,1179172.0,2024-10-31 00:00:00
939,1213294.0,2024-08-31 00:00:00
939,1012487.0,2024-09-30 00:00:00
939,1042771.0,2024-10-31 00:00:00
941,1029970.0,2024-08-31 00:00:00
941,1034724.0,2024-09-30 00:00:00
941,1077428.0,2024-10-31 00:00:00
942,1311486.0,2024-08-31 00:00:00
942,1357977.0,2024-09-30 00:00:00
942,1370708.0,2024-10-31 00:00:00
943,1746053.0,2024-08-31 00:00:00
943,1802315.0,2024-09-30 00:00:00
943,1763766.0,2024-10-31 00:00:00
944,1308908.0,2024-08-31 00:00:00
944,1328786.0,2024-09-30 00:00:00
944,1336272.0,2024-10-31 00:00:00
945,1327654.0,2024-08-31 00:00:00
945,1370839.0,2024-09-30 00:00:00
945,1385395.0,2024-10-31 00:00:00
946,1302714.0,2024-08-31 00:00:00
946,1351168.0,2024-09-30 00:00:00
946,1370344.0,2024-10-31 00:00:00
947,757838.0,2024-08-31 00:00:00
947,730218.0,2024-09-30 00:00:00
947,719829.0,2024-10-31 00:00:00
948,1540184.0,2024-08-31 00:00:00
948,1540255.0,2024-09-30 00:00:00
948,1520369.0,2024-10-31 00:00:00
949,782715.0,2024-08-31 00:00:00
949,762657.0,2024-09-30 00:00:00
949,745656.0,2024-10-31 00:00:00
951,1116902.0,2024-08-31 00:00:00
951,1125056.0,2024-09-30 00:00:00
951,1118385.0,2024-10-31 00:00:00
952,1165844.0,2024-08-31 00:00:00
952,1137836.0,2024-09-30 00:00:00
952,1154971.0,2024-10-31 00:00:00
953,1469281.0,2024-08-31 00:00:00
953,1461497.0,2024-09-30 00:00:00
953,1520849.0,2024-10-31 00:00:00
954,1263651.0,2024-08-31 00:00:00
954,1252824.0,2024-09-30 00:00:00
954,1266834.0,2024-10-31 00:00:00
955,1351948.0,2024-08-31 00:00:00
955,1357074.0,2024-09-30 00:00:00
955,1425918.0,2024-10-31 00:00:00
956,1954379.0,2024-08-31 00:00:00
956,1803563.0,2024-09-30 00:00:00
956,1847077.0,2024-10-31 00:00:00
957,1468761.0,2024-08-31 00:00:00
957,1412017.0,2024-09-30 00:00:00
957,1503581.0,2024-10-31 00:00:00
958,1364422.0,2024-08-31 00:00:00
958,1353283.0,2024-09-30 00:00:00
958,1380005.0,2024-10-31 00:00:00
959,682020.0,2024-08-31 00:00:00
959,698139.0,2024-09-30 00:00:00
959,709064.0,2024-10-31 00:00:00
961,1280121.0,2024-08-31 00:00:00
961,1307752.0,2024-09-30 00:00:00
961,1292363.0,2024-10-31 00:00:00
962,866649.0,2024-08-31 00:00:00
962,854434.0,2024-09-30 00:00:00
962,828217.0,2024-10-31 00:00:00
963,1004342.0,2024-08-31 00:00:00
963,1020220.0,2024-09-30 00:00:00
963,1022636.0,2024-10-31 00:00:00
964,1613984.0,2024-08-31 00:00:00
964,1548967.0,2024-09-30 00:00:00
964,1612724.0,2024-10-31 00:00:00
965,1712040.0,2024-08-31 00:00:00
965,1699480.0,2024-09-30 00:00:00
965,1767662.0,2024-10-31 00:00:00
966,1657866.0,2024-08-31 00:00:00
966,1700455.0,2024-09-30 00:00:00
966,1650646.0,2024-10-31 00:00:00
967,1251368.0,2024-08-31 00:00:00
967,1258136.0,2024-09-30 00:00:00
967,1244858.0,2024-10-31 00:00:00
968,894255.0,2024-08-31 00:00:00
968,908294.0,2024-09-30 00:00:00
968,892741.0,2024-10-31 00:00:00
969,865208.0,2024-08-31 00:00:00
969,888668.0,2024-09-30 00:00:00
969,889774.0,2024-10-31 00:00:00
971,998368.0,2024-08-31 00:00:00
971,1030560.0,2024-09-30 00:00:00
971,1050040.0,2024-10-31 00:00:00
972,1695167.0,2024-08-31 00:00:00
972,1768100.0,2024-09-30 00:00:00
972,1801031.0,2024-10-31 00:00:00
973,1356628.0,2024-08-31 00:00:00
973,1360682.0,2024-09-30 00:00:00
973,1412790.0,2024-10-31 00:00:00
974,1236101.0,2024-08-31 00:00:00
974,1295775.0,2024-09-30 00:00:00
974,1265689.0,2024-10-31 00:00:00
975,1287361.0,2024-08-31 00:00:00
975,1273076.0,2024-09-30 00:00:00
975,1270788.0,2024-10-31 00:00:00
976,817800.0,2024-08-31 00:00:00
976,852168.0,2024-09-30 00:00:00
976,812402.0,2024-10-31 00:00:00
977,1629072.0,2024-08-31 00:00:00
977,1708574.0,2024-09-30 00:00:00
977,1621373.0,2024-10-31 00:00:00
978,744133.0,2024-08-31 00:00:00
978,742648.0,2024-09-30 00:00:00
978,771083.0,2024-10-31 00:00:00
979,1090922.0,2024-08-31 00:00:00
979,1099951.0,2024-09-30 00:00:00
979,1123854.0,2024-10-31 00:00:00
981,1799088.0,2024-08-31 00:00:00
981,1848843.0,2024-09-30 00:00:00
981,1848488.0,2024-10-31 00:00:00
982,1346120.0,2024-08-31 00:00:00
982,1406086.0,2024-09-30 00:00:00
982,1389382.0,2024-10-31 00:00:00
983,1278934.0,2024-08-31 00:00:00
983,1223640.0,2024-09-30 00:00:00
983,1309818.0,2024-10-31 00:00:00
984,1388065.0,2024-08-31 00:00:00
984,1405508.0,2024-09-30 00:00:00
984,1457513.0,2024-10-31 00:00:00
985,939269.0,2024-08-31 00:00:00
985,918146.0,2024-09-30 00:00:00
985,907620.0,2024-10-31 00:00:00
986,1062896.0,2024-08-31 00:00:00
986,1101460.0,2024-09-30 00:00:00
986,1053973.0,2024-10-31 00:00:00
987,844257.0,2024-08-31 00:00:00
987,840623.0,2024-09-30 00:00:00
987,871387.0,2024-10-31 00:00:00
988,1562194.0,2024-08-31 00:00:00
988,1534239.0,2024-09-30 00:00:00
988,1537616.0,2024-10-31 00:00:00
989,1328079.0,2024-08-31 00:00:00
989,1291285.0,2024-09-30 00:00:00
989,1377043.0,2024-10-31 00:00:00
991,895238.0,2024-08-31 00:00:00
991,896246.0,2024-09-30 00:00:00
991,930078.0,2024-10-31 00:00:00
992,806084.0,2024-08-31 00:00:00
992,795249.0,2024-09-30 00:00:00
992,817843.0,2024-10-31 00:00:00
993,1287655.0,2024-08-31 00:00:00
993,1190640.0,2024-09-30 00:00:00
993,1202690.0,2024-10-31 00:00:00
994,1311926.0,2024-08-31 00:00:00
994,1369576.0,2024-09-30 00:00:00
994,1380222.0,2024-10-31 00:00:00
995,827884.0,2024-08-31 00:00:00
995,816118.0,2024-09-30 00:00:00
995,792836.0,2024-10-31 00:00:00
996,1305871.0,2024-08-31 00:00:00
996,1307010.0,2024-09-30 00:00:00
996,1325185.0,2024-10-31 00:00:00
997,1687130.0,2024-08-31 00:00:00
997,1708295.0,2024-09-30 00:00:00
997,1739304.0,2024-10-31 00:00:00
998,1118268.0,2024-08-31 00:00:00
998,1146965.0,2024-09-30 00:00:00
998,1139919.0,2024-10-31 00:00:00
999,837404.0,2024-08-31 00:00:00
999,853199.0,2024-09-30 00:00:00
999,888671.0,2024-10-31 00:00:00
1001,1057237.0,2024-08-31 00:00:00
1001,1086596.0,2024-09-30 00:00:00
1001,1074415.0,2024-10-31 00:00:00
1002,1923724.0,2024-08-31 00:00:00
1002,1975944.0,2024-09-30 00:00:00
1002,1911483.0,2024-10-31 00:00:00
1003,1133728.0,2024-08-31 00:00:00
1003,1101229.0,2024-09-30 00:00:00
1003,1140726.0,2024-10-31 00:00:00
1004,1161268.0,2024-08-31 00:00:00
1004,1111415.0,2024-09-30 00:00:00
1004,1191850.0,2024-10-31 00:00:00
1005,1278214.0,2024-08-31 00:00:00
1005,1276644.0,2024-09-30 00:00:00
1005,1278921.0,2024-10-31 00:00:00
1006,1400746.0,2024-08-31 00:00:00
1006,1369787.0,2024-09-30 00:00:00
1006,1523279.0,2024-10-31 00:00:00
1007,1418951.0,2024-08-31 00:00:00
1007,1435823.0,2024-09-30 00:00:00
1007,1464479.0,2024-10-31 00:00:00
1008,1789748.0,2024-08-31 00:00:00
1008,1796112.0,2024-09-30 00:00:00
1008,1802746.0,2024-10-31 00:00:00
1009,995502.0,2024-08-31 00:00:00
1009,989346.0,2024-09-30 00:00:00
1009,983013.0,2024-10-31 00:00:00
1011,1342362.0,2024-08-31 00:00:00
1011,1404259.0,2024-09-30 00:00:00
1011,1438234.0,2024-10-31 00:00:00
1012,1126005.0,2024-08-31 00:00:00
1012,1061219.0,2024-09-30 00:00:00
1012,1037873.0,2024-10-31 00:00:00
1013,1864130.0,2024-08-31 00:00:00
1013,1611212.0,2024-09-30 00:00:00
1013,1635553.0,2024-10-31 00:00:00
1014,1555599.0,2024-08-31 00:00:00
1014,1620641.0,2024-09-30 00:00:00
1014,1635487.0,2024-10-31 00:00:00
1015,944110.0,2024-08-31 00:00:00
1015,921141.0,2024-09-30 00:00:00
1015,916226.0,2024-10-31 00:00:00
1016,1452672.0,2024-08-31 00:00:00
1016,1526319.0,2024-09-30 00:00:00
1016,1548897.0,2024-10-31 00:00:00
1017,1395018.0,2024-08-31 00:00:00
1017,1374088.0,2024-09-30 00:00:00
1017,1449667.0,2024-10-31 00:00:00
1018,1656897.0,2024-08-31 00:00:00
1018,1732574.0,2024-09-30 00:00:00
1018,1655629.0,2024-10-31 00:00:00
1019,1394142.0,2024-08-31 00:00:00
1019,1441568.0,2024-09-30 00:00:00
1019,1515156.0,2024-10-31 00:00:00
1021,1046994.0,2024-08-31 00:00:00
1021,1029796.0,2024-09-30 00:00:00
1021,1017258.0,2024-10-31 00:00:00
1022,967935.0,2024-08-31 00:00:00
1022,965337.0,2024-09-30 00:00:00
1022,934677.0,2024-10-31 00:00:00
1023,1262012.0,2024-08-31 00:00:00
1023,1250942.0,2024-09-30 00:00:00
1023,1265894.0,2024-10-31 00:00:00
1024,1031615.0,2024-08-31 00:00:00
1024,1057406.0,2024-09-30 00:00:00
1024,1076450.0,2024-10-31 00:00:00
1025,1171283.0,2024-08-31 00:00:00
1025,1136161.0,2024-09-30 00:00:00
1025,1177842.0,2024-10-31 00:00:00
1026,950759.0,2024-08-31 00:00:00
1026,963281.0,2024-09-30 00:00:00
1026,942247.0,2024-10-31 00:00:00
1027,998127.0,2024-08-31 00:00:00
1027,985184.0,2024-09-30 00:00:00
1027,973578.0,2024-10-31 00:00:00
1028,1395157.0,2024-08-31 00:00:00
1028,1395650.0,2024-09-30 00:00:00
1028,1551493.0,2024-10-31 00:00:00
1029,1393194.0,2024-08-31 00:00:00
1029,1389053.0,2024-09-30 00:00:00
1029,1507110.0,2024-10-31 00:00:00
1031,928553.0,2024-08-31 00:00:00
1031,920384.0,2024-09-30 00:00:00
1031,947831.0,2024-10-31 00:00:00
1032,1246612.0,2024-08-31 00:00:00
1032,1173247.0,2024-09-30 00:00:00
1032,1233788.0,2024-10-31 00:00:00
1033,1148430.0,2024-08-31 00:00:00
1033,1150357.0,2024-09-30 00:00:00
1033,1180068.0,2024-10-31 00:00:00
1034,1473725.0,2024-08-31 00:00:00
1034,1480647.0,2024-09-30 00:00:00
1034,1482238.0,2024-10-31 00:00:00
1035,1796191.0,2024-08-31 00:00:00
1035,1785468.0,2024-09-30 00:00:00
1035,1798260.0,2024-10-31 00:00:00
1036,1796287.0,2024-08-31 00:00:00
1036,1791474.0,2024-09-30 00:00:00
1036,1808548.0,2024-10-31 00:00:00
1037,736494.0,2024-08-31 00:00:00
1037,707665.0,2024-09-30 00:00:00
1037,711911.0,2024-10-31 00:00:00
1038,994219.0,2024-08-31 00:00:00
1038,1000922.0,2024-09-30 00:00:00
1038,968484.0,2024-10-31 00:00:00
1039,1296164.0,2024-08-31 00:00:00
1039,1247689.0,2024-09-30 00:00:00
1039,1273768.0,2024-10-31 00:00:00
1041,1842393.0,2024-08-31 00:00:00
1041,1786809.0,2024-09-30 00:00:00
1041,1841816.0,2024-10-31 00:00:00
1042,1259177.0,2024-08-31 00:00:00
1042,1174427.0,2024-09-30 00:00:00
1042,1256178.0,2024-10-31 00:00:00
1043,1482554.0,2024-08-31 00:00:00
1043,1514352.0,2024-09-30 00:00:00
1043,1549771.0,2024-10-31 00:00:00
1044,727939.0,2024-08-31 00:00:00
1044,711689.0,2024-09-30 00:00:00
1044,695085.0,2024-10-31 00:00:00
1045,1059615.0,2024-08-31 00:00:00
1045,1081163.0,2024-09-30 00:00:00
1045,1051167.0,2024-10-31 00:00:00
1046,1248668.0,2024-08-31 00:00:00
1046,1217435.0,2024-09-30 00:00:00
1046,1175794.0,2024-10-31 00:00:00
1047,1402487.0,2024-08-31 00:00:00
1047,1398190.0,2024-09-30 00:00:00
1047,1418172.0,2024-10-31 00:00:00
1048,1580433.0,2024-08-31 00:00:00
1048,1614006.0,2024-09-30 00:00:00
1048,1634678.0,2024-10-31 00:00:00
1049,1115288.0,2024-08-31 00:00:00
1049,1132364.0,2024-09-30 00:00:00
1049,1155829.0,2024-10-31 00:00:00
1051,1224967.0,2024-08-31 00:00:00
1051,1257555.0,2024-09-30 00:00:00
1051,1225521.0,2024-10-31 00:00:00
1052,1268950.0,2024-08-31 00:00:00
1052,1292207.0,2024-09-30 00:00:00
1052,1287166.0,2024-10-31 00:00:00
1053,929964.0,2024-08-31 00:00:00
1053,887302.0,2024-09-30 00:00:00
1053,890233.0,2024-10-31 00:00:00
1054,1533010.0,2024-08-31 00:00:00
1054,1628248.0,2024-09-30 00:00:00
1054,1658930.0,2024-10-31 00:00:00
1055,1075887.0,2024-08-31 00:00:00
1055,1101475.0,2024-09-30 00:00:00
1055,1147237.0,2024-10-31 00:00:00
1056,1324341.0,2024-08-31 00:00:00
1056,1398151.0,2024-09-30 00:00:00
1056,1427710.0,2024-10-31 00:00:00
